id,timestamp,x,y,tag,name
679432219,2010-05-12 18:27:07,-28.98529459,38.00000927,89969,Great Whales
679432220,2010-05-12 20:26:38,-29.01464148,37.92646203,89969,Great Whales
679432221,2010-05-12 22:26:09,-28.82266233,37.99154988,89969,Great Whales
679432222,2010-05-13 0:25:40,-28.81497158,38.01183821,89969,Great Whales
679432223,2010-05-13 2:25:11,-28.72975487,37.90756248,89969,Great Whales
679432224,2010-05-13 4:24:43,-28.6974135,37.8373619,89969,Great Whales
679432225,2010-05-13 6:24:14,-28.88718793,37.83717749,89969,Great Whales
679432226,2010-05-13 8:23:45,-28.78987944,37.7337333,89969,Great Whales
679432227,2010-05-13 10:23:16,-28.69029849,37.6998025,89969,Great Whales
679432228,2010-05-13 12:22:47,-28.67883533,37.65393103,89969,Great Whales
679432229,2010-05-13 14:22:19,-28.58664326,37.61242766,89969,Great Whales
679432230,2010-05-13 16:21:50,-28.51130691,37.58336452,89969,Great Whales
679432231,2010-05-13 18:21:21,-28.53297162,37.59425778,89969,Great Whales
679432232,2010-05-13 20:20:52,-28.57991916,37.63129789,89969,Great Whales
679432233,2010-05-13 22:20:23,-28.59217499,37.62406034,89969,Great Whales
679432234,2010-05-14 0:19:55,-28.63645127,37.6032276,89969,Great Whales
679432235,2010-05-14 2:19:26,-28.59648583,37.62300281,89969,Great Whales
679432236,2010-05-14 4:18:57,-28.61567052,37.63743831,89969,Great Whales
679432237,2010-05-14 6:18:28,-28.5445383,37.61326288,89969,Great Whales
679432238,2010-05-14 8:17:59,-28.63858387,37.61418477,89969,Great Whales
679432239,2010-05-14 10:17:31,-28.72501697,37.64220508,89969,Great Whales
679432240,2010-05-14 12:17:02,-28.78439507,37.73746392,89969,Great Whales
679432241,2010-05-14 14:16:33,-28.81251852,37.80545562,89969,Great Whales
679432242,2010-05-14 16:16:04,-28.77002297,37.82256776,89969,Great Whales
679432243,2010-05-14 18:15:35,-28.7657599,37.8132324,89969,Great Whales
679432244,2010-05-14 20:15:07,-28.75680168,37.83188227,89969,Great Whales
679432245,2010-05-14 22:14:38,-28.77577489,37.80760917,89969,Great Whales
679432246,2010-05-15 0:14:09,-28.69347418,37.93968328,89969,Great Whales
679432247,2010-05-15 2:13:40,-28.67875563,38.03377864,89969,Great Whales
679432248,2010-05-15 4:13:11,-28.6379075,38.11018514,89969,Great Whales
679432249,2010-05-15 6:12:43,-28.58593054,38.20831088,89969,Great Whales
679432250,2010-05-15 8:12:14,-28.56246544,38.27146989,89969,Great Whales
679432251,2010-05-15 10:11:45,-28.53405411,38.31515177,89969,Great Whales
679432252,2010-05-15 12:11:16,-28.46938423,38.34118024,89969,Great Whales
679432253,2010-05-15 14:10:47,-28.52600584,38.3684607,89969,Great Whales
679432254,2010-05-15 16:10:19,-28.68258993,38.38560209,89969,Great Whales
679432255,2010-05-15 18:09:50,-28.7090047,38.40715203,89969,Great Whales
679432256,2010-05-15 20:09:21,-28.72882217,38.42825943,89969,Great Whales
679432257,2010-05-15 22:08:52,-28.77705221,38.43102014,89969,Great Whales
679432258,2010-05-16 0:08:23,-28.92212789,38.53035972,89969,Great Whales
679432259,2010-05-16 2:07:55,-29.02617835,38.65342441,89969,Great Whales
679432260,2010-05-16 4:07:26,-29.15548715,38.7926793,89969,Great Whales
679432261,2010-05-16 6:06:57,-29.18844407,39.01339927,89969,Great Whales
679432262,2010-05-16 8:06:28,-29.22721724,39.1786643,89969,Great Whales
679432263,2010-05-16 10:05:59,-29.22995239,39.3692207,89969,Great Whales
679432264,2010-05-16 12:05:31,-29.03212794,39.54622985,89969,Great Whales
679432265,2010-05-16 14:05:02,-28.81192848,39.78412867,89969,Great Whales
679432266,2010-05-16 16:04:33,-28.60840013,39.96702959,89969,Great Whales
679432267,2010-05-16 18:04:04,-28.27179597,40.01129492,89969,Great Whales
679432268,2010-05-16 20:03:35,-27.89113135,40.0730529,89969,Great Whales
679432269,2010-05-16 22:03:07,-27.71385791,40.15807406,89969,Great Whales
679432270,2010-05-17 0:02:38,-27.63904637,40.26069935,89969,Great Whales
679432271,2010-05-17 2:02:09,-27.75267289,40.36004343,89969,Great Whales
679432272,2010-05-17 4:01:40,-27.88572481,40.42272172,89969,Great Whales
679432273,2010-05-17 6:01:11,-27.99754696,40.45958308,89969,Great Whales
679432274,2010-05-17 8:00:43,-28.09434339,40.5583134,89969,Great Whales
679432275,2010-05-17 10:00:14,-28.0953903,40.64896517,89969,Great Whales
679432276,2010-05-17 11:59:45,-28.03342841,40.74431804,89969,Great Whales
679432277,2010-05-17 13:59:16,-27.96572388,40.9038518,89969,Great Whales
679432278,2010-05-17 15:58:47,-27.94088604,41.11161382,89969,Great Whales
679432279,2010-05-17 17:58:19,-27.98118531,41.32706938,89969,Great Whales
679432280,2010-05-17 19:57:50,-27.95841059,41.50496622,89969,Great Whales
679432281,2010-05-17 21:57:21,-28.0044164,41.58138004,89969,Great Whales
679432282,2010-05-17 23:56:52,-28.03907581,41.69593727,89969,Great Whales
679432283,2010-05-18 1:56:23,-28.0263476,41.75665931,89969,Great Whales
679432284,2010-05-18 3:55:55,-28.0586029,41.81225593,89969,Great Whales
679432285,2010-05-18 5:55:26,-28.11190506,41.85672994,89969,Great Whales
679432286,2010-05-18 7:54:57,-28.13815621,41.99862718,89969,Great Whales
679432287,2010-05-18 9:54:28,-28.11901482,42.10784478,89969,Great Whales
679432288,2010-05-18 11:53:59,-28.15744641,42.23670419,89969,Great Whales
679432289,2010-05-18 13:53:31,-28.14895044,42.39251144,89969,Great Whales
679432290,2010-05-18 15:53:02,-28.23867243,42.59721636,89969,Great Whales
679432291,2010-05-18 17:52:33,-28.29905001,42.73400495,89969,Great Whales
679432292,2010-05-18 19:52:04,-28.40592924,42.80093471,89969,Great Whales
679432293,2010-05-18 21:51:35,-28.44823206,42.89404005,89969,Great Whales
679432294,2010-05-18 23:51:07,-28.48875768,42.9825161,89969,Great Whales
679432295,2010-05-19 1:50:38,-28.51487621,43.03728103,89969,Great Whales
679432296,2010-05-19 3:50:09,-28.55218955,43.07573365,89969,Great Whales
679432297,2010-05-19 5:49:40,-28.61586892,43.12146062,89969,Great Whales
679432298,2010-05-19 7:49:11,-28.6685521,43.15347237,89969,Great Whales
679432299,2010-05-19 9:48:43,-28.74404794,43.22159708,89969,Great Whales
679432300,2010-05-19 11:48:14,-28.79314029,43.27965398,89969,Great Whales
679432301,2010-05-19 13:47:45,-28.80589998,43.37513234,89969,Great Whales
679432302,2010-05-19 15:47:16,-28.85082421,43.46980836,89969,Great Whales
679432303,2010-05-19 17:46:47,-28.86939752,43.53815828,89969,Great Whales
679432304,2010-05-19 19:46:19,-28.93650718,43.59524167,89969,Great Whales
679432305,2010-05-19 21:45:50,-28.98880151,43.62771396,89969,Great Whales
679432306,2010-05-19 23:45:21,-29.03636416,43.67869844,89969,Great Whales
679432307,2010-05-20 1:44:52,-29.09599184,43.74096272,89969,Great Whales
679432308,2010-05-20 3:44:23,-29.18423111,43.80914429,89969,Great Whales
679432309,2010-05-20 5:43:55,-29.24769175,43.87228953,89969,Great Whales
679432310,2010-05-20 7:43:26,-29.31300852,43.94546763,89969,Great Whales
679432311,2010-05-20 9:42:57,-29.36221116,44.01355334,89969,Great Whales
679432312,2010-05-20 11:42:28,-29.40612634,44.07196789,89969,Great Whales
679432313,2010-05-20 13:41:59,-29.47609194,44.14909269,89969,Great Whales
679432314,2010-05-20 15:41:31,-29.57480798,44.21806231,89969,Great Whales
679432315,2010-05-20 17:41:02,-29.70705702,44.30839076,89969,Great Whales
679432316,2010-05-20 19:40:33,-29.79692622,44.38421064,89969,Great Whales
679432317,2010-05-20 21:40:04,-29.92979127,44.48785092,89969,Great Whales
679432318,2010-05-20 23:39:35,-30.07287122,44.59344187,89969,Great Whales
679432319,2010-05-21 1:39:07,-30.15021041,44.65199991,89969,Great Whales
679432320,2010-05-21 3:38:38,-30.26962969,44.72691503,89969,Great Whales
679432321,2010-05-21 5:38:09,-30.39592303,44.78568947,89969,Great Whales
679432322,2010-05-21 7:37:40,-30.48782261,44.83768691,89969,Great Whales
679432323,2010-05-21 9:37:11,-30.61417643,44.93664748,89969,Great Whales
679432324,2010-05-21 11:36:43,-30.76929844,45.01366132,89969,Great Whales
679432325,2010-05-21 13:36:14,-30.89763899,45.08833787,89969,Great Whales
679432326,2010-05-21 15:35:45,-31.00331652,45.16768812,89969,Great Whales
679432327,2010-05-21 17:35:16,-31.03398562,45.26089552,89969,Great Whales
679432328,2010-05-21 19:34:47,-31.08680022,45.35009828,89969,Great Whales
679432329,2010-05-21 21:34:19,-31.14715748,45.45983669,89969,Great Whales
679432330,2010-05-21 23:33:50,-31.194717,45.53718588,89969,Great Whales
679432331,2010-05-22 1:33:21,-31.24508769,45.61178396,89969,Great Whales
679432332,2010-05-22 3:32:52,-31.30044706,45.69903379,89969,Great Whales
679432333,2010-05-22 5:32:23,-31.40904201,45.7923375,89969,Great Whales
679432334,2010-05-22 7:31:55,-31.49789998,45.87972095,89969,Great Whales
679432335,2010-05-22 9:31:26,-31.56334225,45.96264053,89969,Great Whales
679432336,2010-05-22 11:30:57,-31.64862766,46.07748471,89969,Great Whales
679432337,2010-05-22 13:30:28,-31.70371242,46.18530826,89969,Great Whales
679432338,2010-05-22 15:29:59,-31.79349187,46.30543401,89969,Great Whales
679432339,2010-05-22 17:29:31,-31.81447022,46.39776206,89969,Great Whales
679432340,2010-05-22 19:29:02,-31.85761608,46.5051039,89969,Great Whales
679432341,2010-05-22 21:28:33,-31.93078345,46.61254004,89969,Great Whales
679432342,2010-05-22 23:28:04,-31.91164009,46.77014978,89969,Great Whales
679432343,2010-05-23 1:27:35,-32.02755136,46.88270533,89969,Great Whales
679432344,2010-05-23 3:27:07,-32.13240513,47.01783566,89969,Great Whales
679432345,2010-05-23 5:26:38,-32.21323851,47.22834484,89969,Great Whales
679432346,2010-05-23 7:26:09,-32.21801397,47.41645873,89969,Great Whales
679432347,2010-05-23 9:25:40,-32.27894374,47.50823276,89969,Great Whales
679432348,2010-05-23 11:25:11,-32.38240895,47.5984502,89969,Great Whales
679432349,2010-05-23 13:24:43,-32.49974677,47.65581663,89969,Great Whales
679432350,2010-05-23 15:24:14,-32.53185957,47.70872882,89969,Great Whales
679432351,2010-05-23 17:23:45,-32.62325502,47.80966795,89969,Great Whales
679432352,2010-05-23 19:23:16,-32.73297486,47.88910008,89969,Great Whales
679432353,2010-05-23 21:22:47,-32.75833448,47.94218752,89969,Great Whales
679432354,2010-05-23 23:22:19,-32.71064614,48.02410139,89969,Great Whales
679432355,2010-05-24 1:21:50,-32.66060876,48.13024376,89969,Great Whales
679432356,2010-05-24 3:21:21,-32.69014815,48.2733648,89969,Great Whales
679432357,2010-05-24 5:20:52,-32.78751896,48.45195654,89969,Great Whales
679432358,2010-05-24 7:20:23,-32.82526908,48.59725343,89969,Great Whales
679432359,2010-05-24 9:19:55,-32.84086403,48.71362314,89969,Great Whales
679432360,2010-05-24 11:19:26,-32.89122662,48.85470251,89969,Great Whales
679432361,2010-05-24 13:18:57,-32.92232375,49.02691686,89969,Great Whales
679432362,2010-05-24 15:18:28,-32.91185175,49.25817934,89969,Great Whales
679432363,2010-05-24 17:17:59,-32.89077166,49.52020593,89969,Great Whales
679432364,2010-05-24 19:17:31,-32.90454199,49.71833631,89969,Great Whales
679432365,2010-05-24 21:17:02,-32.90245468,49.90100337,89969,Great Whales
679432366,2010-05-24 23:16:33,-32.97440329,49.97526345,89969,Great Whales
679432367,2010-05-25 1:16:04,-33.0226256,50.0960322,89969,Great Whales
679432368,2010-05-25 3:15:35,-33.14556636,50.22847076,89969,Great Whales
679432369,2010-05-25 5:15:07,-33.26504412,50.40756291,89969,Great Whales
679432370,2010-05-25 7:14:38,-33.33241735,50.62115812,89969,Great Whales
679432371,2010-05-25 9:14:09,-33.43329159,50.81828682,89969,Great Whales
679432372,2010-05-25 11:13:40,-33.54429649,51.0078134,89969,Great Whales
679432373,2010-05-25 13:13:11,-33.66730251,51.20516899,89969,Great Whales
679432374,2010-05-25 15:12:43,-33.72110252,51.43546825,89969,Great Whales
679432375,2010-05-25 17:12:14,-33.80163421,51.54076339,89969,Great Whales
679432376,2010-05-25 19:11:45,-33.80393327,51.71105,89969,Great Whales
679432377,2010-05-25 21:11:16,-33.84702971,51.81299405,89969,Great Whales
679432378,2010-05-25 23:10:47,-33.79665485,51.90908963,89969,Great Whales
679432379,2010-05-26 1:10:19,-33.89482379,51.97770576,89969,Great Whales
679432380,2010-05-26 3:09:50,-34.02009575,52.06247052,89969,Great Whales
679432381,2010-05-26 5:09:21,-34.09668793,52.15172885,89969,Great Whales
679432382,2010-05-26 7:08:52,-34.2257137,52.25289633,89969,Great Whales
679432383,2010-05-26 9:08:23,-34.33914119,52.37838508,89969,Great Whales
679432384,2010-05-26 11:07:55,-34.44228605,52.48402722,89969,Great Whales
679432385,2010-05-26 13:07:26,-34.57600833,52.61607667,89969,Great Whales
679432386,2010-05-26 15:06:57,-34.73330195,52.72736692,89969,Great Whales
679432387,2010-05-26 17:06:28,-34.97713402,52.89424111,89969,Great Whales
679432388,2010-05-26 19:05:59,-35.18682658,53.02763635,89969,Great Whales
679432389,2010-05-26 21:05:31,-35.43157588,53.18053179,89969,Great Whales
679432390,2010-05-26 23:05:02,-35.64633936,53.31624867,89969,Great Whales
679432391,2010-05-27 1:04:33,-35.71899742,53.37015511,89969,Great Whales
679432392,2010-05-27 3:04:04,-35.7919898,53.4317174,89969,Great Whales
679432393,2010-05-27 5:03:35,-35.91878331,53.50693478,89969,Great Whales
679432394,2010-05-27 7:03:07,-36.11023834,53.6571427,89969,Great Whales
679432395,2010-05-27 9:02:38,-36.22541606,53.76190417,89969,Great Whales
679432396,2010-05-27 11:02:09,-36.36382469,53.84895972,89969,Great Whales
679432397,2010-05-27 13:01:40,-36.41229285,53.91295121,89969,Great Whales
679432398,2010-05-27 15:01:11,-36.49315036,54.0445163,89969,Great Whales
679432399,2010-05-27 17:00:43,-36.66695867,54.14662311,89969,Great Whales
679432400,2010-05-27 19:00:14,-36.81654741,54.2766622,89969,Great Whales
679432401,2010-05-27 20:59:45,-36.98477891,54.40773275,89969,Great Whales
679432402,2010-05-27 22:59:16,-37.05777184,54.48305744,89969,Great Whales
679432403,2010-05-28 0:58:47,-37.11159829,54.57152572,89969,Great Whales
679432404,2010-05-28 2:58:19,-37.18851018,54.66808744,89969,Great Whales
679432405,2010-05-28 4:57:50,-37.29182731,54.77665266,89969,Great Whales
679432406,2010-05-28 6:57:21,-37.41795592,54.85547552,89969,Great Whales
679432407,2010-05-28 8:56:52,-37.44179153,54.93043602,89969,Great Whales
679432408,2010-05-28 10:56:23,-37.51755587,55.03671683,89969,Great Whales
679432409,2010-05-28 12:55:55,-37.58136972,55.12214202,89969,Great Whales
679432410,2010-05-28 14:55:26,-37.67355098,55.23447851,89969,Great Whales
679432411,2010-05-28 16:54:57,-37.76904554,55.34656916,89969,Great Whales
679432412,2010-05-28 18:54:28,-37.79257798,55.43825297,89969,Great Whales
679432413,2010-05-28 20:53:59,-37.85799172,55.56073422,89969,Great Whales
679432414,2010-05-28 22:53:31,-37.87939698,55.65468915,89969,Great Whales
679432415,2010-05-29 0:53:02,-37.92031716,55.76651876,89969,Great Whales
679432416,2010-05-29 2:52:33,-37.95474888,55.87260432,89969,Great Whales
679432417,2010-05-29 4:52:04,-38.02198973,55.95898117,89969,Great Whales
679432418,2010-05-29 6:51:35,-38.20069684,56.06164849,89969,Great Whales
679432419,2010-05-29 8:51:07,-38.2514897,56.1716089,89969,Great Whales
679432420,2010-05-29 10:50:38,-38.33573446,56.29645141,89969,Great Whales
679432421,2010-05-29 12:50:09,-38.30523287,56.38841695,89969,Great Whales
679432422,2010-05-29 14:49:40,-38.34572001,56.48829885,89969,Great Whales
679432423,2010-05-29 16:49:11,-38.37461382,56.58252634,89969,Great Whales
679432424,2010-05-29 18:48:43,-38.43869166,56.68808051,89969,Great Whales
679432425,2010-05-29 20:48:14,-38.49542197,56.8146138,89969,Great Whales
679432426,2010-05-29 22:47:45,-38.58178169,56.91083922,89969,Great Whales
679432427,2010-05-30 0:47:16,-38.66472275,57.03110574,89969,Great Whales
679432428,2010-05-30 2:46:47,-38.71942563,57.1760291,89969,Great Whales
679432429,2010-05-30 4:46:19,-38.71235843,57.26705889,89969,Great Whales
679432430,2010-05-30 6:45:50,-38.75521003,57.25412673,89969,Great Whales
679432431,2010-05-30 8:45:21,-38.86171173,57.33641079,89969,Great Whales
679432432,2010-05-30 10:44:52,-38.8139423,57.28426601,89969,Great Whales
679432433,2010-05-30 12:44:23,-38.80976732,57.2864573,89969,Great Whales
679432434,2010-05-30 14:43:55,-38.75035184,57.34751253,89969,Great Whales
679432435,2010-05-30 16:43:26,-38.80243769,57.44340927,89969,Great Whales
679432436,2010-05-30 18:42:57,-38.86409601,57.55681771,89969,Great Whales
679432437,2010-05-30 20:42:28,-38.8035963,57.68769578,89969,Great Whales
679432438,2010-05-30 22:41:59,-38.78373731,57.77592952,89969,Great Whales
679432439,2010-05-31 0:41:31,-38.80646832,57.82528584,89969,Great Whales
679432440,2010-05-31 2:41:02,-38.78391376,57.86196423,89969,Great Whales
679432441,2010-05-31 4:40:33,-38.76123278,57.96712972,89969,Great Whales
679432442,2010-05-31 6:40:04,-38.73541563,58.07520749,89969,Great Whales
679432443,2010-05-31 8:39:35,-38.73198642,58.15680857,89969,Great Whales
679432444,2010-05-31 10:39:07,-38.8019901,58.27306502,89969,Great Whales
679432445,2010-05-31 12:38:38,-38.74065457,58.28645348,89969,Great Whales
679432446,2010-05-31 14:38:09,-38.79767872,58.27202657,89969,Great Whales
679432447,2010-05-31 16:37:40,-38.7038617,58.27863099,89969,Great Whales
679432448,2010-05-31 18:37:11,-38.73029868,58.28547625,89969,Great Whales
679432449,2010-05-31 20:36:43,-38.81900027,58.39478862,89969,Great Whales
679432450,2010-05-31 22:36:14,-38.84701477,58.40168528,89969,Great Whales
679432451,2010-06-01 0:35:45,-38.9092856,58.4516401,89969,Great Whales
679432452,2010-06-01 2:35:16,-38.79325714,58.38247896,89969,Great Whales
679432453,2010-06-01 4:34:47,-38.85253015,58.42868436,89969,Great Whales
679432454,2010-06-01 6:34:19,-38.91055504,58.52805423,89969,Great Whales
679432455,2010-06-01 8:33:50,-38.94300555,58.59930273,89969,Great Whales
679432456,2010-06-01 10:33:21,-39.01256659,58.67571009,89969,Great Whales
679432457,2010-06-01 12:32:52,-38.92987487,58.66927377,89969,Great Whales
679432458,2010-06-01 14:32:23,-38.96480819,58.6442132,89969,Great Whales
679432459,2010-06-01 16:31:55,-38.91678207,58.53558095,89969,Great Whales
679432460,2010-06-01 18:31:26,-38.9294846,58.47713049,89969,Great Whales
679432461,2010-06-01 20:30:57,-38.87141201,58.52832589,89969,Great Whales
679432462,2010-06-01 22:30:28,-38.8501798,58.51525679,89969,Great Whales
679432463,2010-06-02 0:29:59,-38.76988125,58.51515431,89969,Great Whales
679432464,2010-06-02 2:29:31,-38.88685119,58.57456551,89969,Great Whales
679432465,2010-06-02 4:29:02,-38.73340547,58.55638915,89969,Great Whales
679432466,2010-06-02 6:28:33,-38.69461891,58.63929096,89969,Great Whales
679432467,2010-06-02 8:28:04,-38.71249412,58.71253597,89969,Great Whales
679432468,2010-06-02 10:27:35,-38.67438827,58.74875718,89969,Great Whales
679432469,2010-06-02 12:27:07,-38.6885735,58.71823816,89969,Great Whales
679432470,2010-06-02 14:26:38,-38.80855004,58.67161174,89969,Great Whales
679432471,2010-06-02 16:26:09,-38.89961422,58.70340705,89969,Great Whales
679432472,2010-06-02 18:25:40,-39.01752809,58.66022993,89969,Great Whales
679432473,2010-06-02 20:25:11,-39.03689358,58.64088222,89969,Great Whales
679432474,2010-06-02 22:24:43,-39.08267274,58.56270745,89969,Great Whales
679432475,2010-06-03 0:24:14,-39.13213133,58.51912429,89969,Great Whales
679432476,2010-06-03 2:23:45,-39.13441444,58.63863109,89969,Great Whales
679432477,2010-06-03 4:23:16,-39.19047343,58.77058155,89969,Great Whales
679432478,2010-06-03 6:22:47,-39.28558691,58.83866336,89969,Great Whales
679432479,2010-06-03 8:22:19,-39.35150786,58.98545255,89969,Great Whales
679432480,2010-06-03 10:21:50,-39.40554482,59.07515611,89969,Great Whales
679432481,2010-06-03 12:21:21,-39.51391754,59.1402753,89969,Great Whales
679432482,2010-06-03 14:20:52,-39.53807982,59.15906766,89969,Great Whales
679432483,2010-06-03 16:20:23,-39.58556288,59.17942125,89969,Great Whales
679432484,2010-06-03 18:19:55,-39.49840238,59.24844281,89969,Great Whales
679432485,2010-06-03 20:19:26,-39.52595379,59.3186389,89969,Great Whales
679432486,2010-06-03 22:18:57,-39.59096924,59.3938661,89969,Great Whales
679432487,2010-06-04 0:18:28,-39.7394885,59.47800047,89969,Great Whales
679432488,2010-06-04 2:17:59,-39.74170597,59.50467988,89969,Great Whales
679432489,2010-06-04 4:17:31,-39.79140609,59.54533356,89969,Great Whales
679432490,2010-06-04 6:17:02,-39.84324078,59.53202111,89969,Great Whales
679432491,2010-06-04 8:16:33,-39.8413392,59.55431311,89969,Great Whales
679432492,2010-06-04 10:16:04,-39.76470315,59.5498507,89969,Great Whales
679432493,2010-06-04 12:15:35,-39.71175416,59.55186971,89969,Great Whales
679432494,2010-06-04 14:15:07,-39.68668895,59.50035934,89969,Great Whales
679432495,2010-06-04 16:14:38,-39.78213809,59.53253169,89969,Great Whales
679432496,2010-06-04 18:14:09,-39.75053011,59.52344744,89969,Great Whales
679432497,2010-06-04 20:13:40,-39.71009996,59.51940761,89969,Great Whales
679432498,2010-06-04 22:13:11,-39.75898883,59.5291831,89969,Great Whales
679432499,2010-06-05 0:12:43,-39.81778939,59.57878985,89969,Great Whales
679432500,2010-06-05 2:12:14,-39.98305639,59.68481611,89969,Great Whales
679432501,2010-06-05 4:11:45,-40.07481653,59.73748443,89969,Great Whales
679432502,2010-06-05 6:11:16,-40.19063682,59.81619394,89969,Great Whales
679432503,2010-06-05 8:10:47,-40.34053808,59.85244547,89969,Great Whales
679432504,2010-06-05 10:10:19,-40.32482733,59.85076416,89969,Great Whales
679432505,2010-06-05 12:09:50,-40.2275164,59.84859588,89969,Great Whales
679432506,2010-06-05 14:09:21,-40.28957456,59.81987609,89969,Great Whales
679432507,2010-06-05 16:08:52,-40.33860352,59.86523484,89969,Great Whales
679432508,2010-06-05 18:08:23,-40.50332313,59.98750269,89969,Great Whales
679432509,2010-06-05 20:07:55,-40.6981878,60.06159037,89969,Great Whales
679432510,2010-06-05 22:07:26,-40.76842672,60.1712599,89969,Great Whales
679432511,2010-06-06 0:06:57,-40.79860328,60.27723543,89969,Great Whales
679432512,2010-06-06 2:06:28,-40.91704309,60.43263697,89969,Great Whales
679432513,2010-06-06 4:05:59,-41.01883776,60.55034265,89969,Great Whales
679432514,2010-06-06 6:05:31,-41.0150541,60.55913881,89969,Great Whales
679432515,2010-06-06 8:05:02,-41.09363733,60.65032712,89969,Great Whales
679432516,2010-06-06 10:04:33,-41.266769,60.74992918,89969,Great Whales
679432517,2010-06-06 12:04:04,-41.43280138,60.83019613,89969,Great Whales
679432518,2010-06-06 14:03:35,-41.57527945,60.89311409,89969,Great Whales
679432519,2010-06-06 16:03:07,-41.72367705,60.96547414,89969,Great Whales
679432520,2010-06-06 18:02:38,-41.82090808,61.10238824,89969,Great Whales
679432521,2010-06-06 20:02:09,-41.8618945,61.20504221,89969,Great Whales
679432522,2010-06-06 22:01:40,-41.64760222,61.36756046,89969,Great Whales
679432523,2010-06-07 0:01:11,-41.35707696,61.44011645,89969,Great Whales
679432524,2010-06-07 2:00:43,-41.16957313,61.51492377,89969,Great Whales
679432525,2010-06-07 4:00:14,-41.07681699,61.64768956,89969,Great Whales
679432526,2010-06-07 5:59:45,-41.16632818,61.74186193,89969,Great Whales
679432527,2010-06-07 7:59:16,-41.09868711,61.84151461,89969,Great Whales
679432528,2010-06-07 9:58:47,-41.01695357,61.94220876,89969,Great Whales
679432529,2010-06-07 11:58:19,-40.99288395,62.07128535,89969,Great Whales
679432530,2010-06-07 13:57:50,-41.18491937,62.1945279,89969,Great Whales
679432531,2010-06-07 15:57:21,-41.24316975,62.22156585,89969,Great Whales
679432532,2010-06-07 17:56:52,-41.22972076,62.21202256,89969,Great Whales
679432533,2010-06-07 19:56:23,-41.30210475,62.286851,89969,Great Whales
679432534,2010-06-07 21:55:55,-41.1396358,62.27304692,89969,Great Whales
679432535,2010-06-07 23:55:26,-40.9333897,62.31836028,89969,Great Whales
679432536,2010-06-08 1:54:57,-40.75563343,62.44223553,89969,Great Whales
679432537,2010-06-08 3:54:28,-40.61725966,62.58761361,89969,Great Whales
679432538,2010-06-08 5:53:59,-40.53803107,62.68995359,89969,Great Whales
679432539,2010-06-08 7:53:31,-40.58000626,62.81645809,89969,Great Whales
679432540,2010-06-08 9:53:02,-40.53927229,62.93101412,89969,Great Whales
679432541,2010-06-08 11:52:33,-40.54859384,63.04315225,89969,Great Whales
679432542,2010-06-08 13:52:04,-40.61324599,63.13319798,89969,Great Whales
679432543,2010-06-08 15:51:35,-40.38217093,63.20393852,89969,Great Whales
679432544,2010-06-08 17:51:07,-40.15420931,63.30945968,89969,Great Whales
679432545,2010-06-08 19:50:38,-39.89893862,63.39265448,89969,Great Whales
679432546,2010-06-08 21:50:09,-39.54919524,63.47529509,89969,Great Whales
679432547,2010-06-08 23:49:40,-39.24658212,63.59300796,89969,Great Whales
679432548,2010-06-09 1:49:11,-39.09365001,63.70874637,89969,Great Whales
679432549,2010-06-09 3:48:43,-39.27437432,63.75298213,89969,Great Whales
679432550,2010-06-09 5:48:14,-39.68162906,63.85373882,89969,Great Whales
679432551,2010-06-09 7:47:45,-39.69205696,63.90883708,89969,Great Whales
679432552,2010-06-09 9:47:16,-39.40579383,63.98588771,89969,Great Whales
679432553,2010-06-09 11:46:47,-39.25496912,64.08069783,89969,Great Whales
679432554,2010-06-09 13:46:19,-39.11622782,64.09977753,89969,Great Whales
679432555,2010-06-09 15:45:50,-39.16991325,64.13184807,89969,Great Whales
679432556,2010-06-09 17:45:21,-39.13876839,64.13076805,89969,Great Whales
679432557,2010-06-09 19:44:52,-39.12866351,64.12913173,89969,Great Whales
679432558,2010-06-09 21:44:23,-39.23558443,64.11871938,89969,Great Whales
679432559,2010-06-09 23:43:55,-39.18408874,64.11708152,89969,Great Whales
679432560,2010-06-10 1:43:26,-38.99288808,64.12664255,89969,Great Whales
679432561,2010-06-10 3:42:57,-39.22331116,64.09724722,89969,Great Whales
679432562,2010-06-10 5:42:28,-39.21792156,64.10529252,89969,Great Whales
679432563,2010-06-10 7:41:59,-39.26711755,64.07997469,89969,Great Whales
679432564,2010-06-10 9:41:31,-39.21595446,64.09121773,89969,Great Whales
679432565,2010-06-10 11:41:02,-39.30933333,64.07789519,89969,Great Whales
679432566,2010-06-10 13:40:33,-39.25803742,64.06808301,89969,Great Whales
679432567,2010-06-10 15:40:04,-39.20437785,64.15342026,89969,Great Whales
679432568,2010-06-10 17:39:35,-39.07329148,64.25765331,89969,Great Whales
679432569,2010-06-10 19:39:07,-38.93261248,64.3334727,89969,Great Whales
679432570,2010-06-10 21:38:38,-38.81145709,64.42401669,89969,Great Whales
679432571,2010-06-10 23:38:09,-38.69419698,64.47006243,89969,Great Whales
679432572,2010-06-11 1:37:40,-38.86379908,64.37170749,89969,Great Whales
679432573,2010-06-11 3:37:11,-38.7903971,64.41542768,89969,Great Whales
679432574,2010-06-11 5:36:43,-38.70781544,64.39737506,89969,Great Whales
679432575,2010-06-11 7:36:14,-38.84846836,64.51704427,89969,Great Whales
679432576,2010-06-11 9:35:45,-38.78432259,64.55312308,89969,Great Whales
679432577,2010-06-11 11:35:16,-38.89022288,64.56634578,89969,Great Whales
679432578,2010-06-11 13:34:47,-38.86399898,64.62211673,89969,Great Whales
679432579,2010-06-11 15:34:19,-38.86856171,64.61760642,89969,Great Whales
679432580,2010-06-11 17:33:50,-38.93896358,64.59401335,89969,Great Whales
679432581,2010-06-11 19:33:21,-38.96043229,64.58073042,89969,Great Whales
679432582,2010-06-11 21:32:52,-38.83794252,64.55863239,89969,Great Whales
679432583,2010-06-11 23:32:23,-38.72255682,64.52590833,89969,Great Whales
679432584,2010-06-12 1:31:55,-38.66196521,64.54389678,89969,Great Whales
679432585,2010-06-12 3:31:26,-38.61913842,64.6600918,89969,Great Whales
679432586,2010-06-12 5:30:57,-38.5007018,64.72401195,89969,Great Whales
679432587,2010-06-12 7:30:28,-38.39095909,64.7756796,89969,Great Whales
679432588,2010-06-12 9:29:59,-38.2514288,64.83037141,89969,Great Whales
679432589,2010-06-12 11:29:31,-38.10706097,64.89199732,89969,Great Whales
679432590,2010-06-12 13:29:02,-37.95358573,64.99156946,89969,Great Whales
679432591,2010-06-12 15:28:33,-37.86015731,65.07271795,89969,Great Whales
679432592,2010-06-12 17:28:04,-37.81206511,65.1160062,89969,Great Whales
679432593,2010-06-12 19:27:35,-38.03212736,65.23692382,89969,Great Whales
679432594,2010-06-12 21:27:07,-38.02062188,65.23752988,89969,Great Whales
679432595,2010-06-12 23:26:38,-37.9259491,65.2368677,89969,Great Whales
679432596,2010-06-13 1:26:09,-37.80440336,65.25480405,89969,Great Whales
679432597,2010-06-13 3:25:40,-37.54691078,65.31846965,89969,Great Whales
679432598,2010-06-13 5:25:11,-37.22185756,65.36550844,89969,Great Whales
679432599,2010-06-13 7:24:43,-37.00389975,65.25814587,89969,Great Whales
679432600,2010-06-13 9:24:14,-36.76156124,65.16758417,89969,Great Whales
679432601,2010-06-13 11:23:45,-36.5767472,65.10082735,89969,Great Whales
679432602,2010-06-13 13:23:16,-36.38426589,65.04119556,89969,Great Whales
679432603,2010-06-13 15:22:47,-36.08964755,65.015807,89969,Great Whales
679432604,2010-06-13 17:22:19,-35.97124399,64.99418257,89969,Great Whales
679432605,2010-06-13 19:21:50,-35.67117603,64.98634286,89969,Great Whales
679432606,2010-06-13 21:21:21,-35.20305454,64.94365957,89969,Great Whales
679432607,2010-06-13 23:20:52,-35.28625387,64.87846387,89969,Great Whales
679432608,2010-06-14 1:20:23,-35.14764791,64.85708446,89969,Great Whales
679432609,2010-06-14 3:19:55,-35.07222203,64.85657537,89969,Great Whales
679432610,2010-06-14 5:19:26,-35.16888659,64.86015529,89969,Great Whales
679432611,2010-06-14 7:18:57,-35.19437463,64.83203945,89969,Great Whales
679432612,2010-06-14 9:18:28,-35.22273251,64.92722859,89969,Great Whales
679432613,2010-06-14 11:17:59,-35.21671121,64.87681036,89969,Great Whales
679432614,2010-06-14 13:17:31,-35.08308301,64.8682148,89969,Great Whales
679432615,2010-06-14 15:17:02,-35.0377704,64.86877959,89969,Great Whales
679432616,2010-06-14 17:16:33,-34.97612738,64.87735826,89969,Great Whales
679432617,2010-06-14 19:16:04,-34.9971589,64.85480618,89969,Great Whales
679432618,2010-06-14 21:15:35,-34.93911354,64.8297277,89969,Great Whales
679432619,2010-06-14 23:15:07,-34.92594576,64.74343999,89969,Great Whales
679432620,2010-06-15 1:14:38,-34.85666074,64.70419424,89969,Great Whales
679432621,2010-06-15 3:14:09,-34.87324494,64.69952239,89969,Great Whales
679432622,2010-06-15 5:13:40,-34.82001396,64.69896827,89969,Great Whales
679432623,2010-06-15 7:13:11,-34.74712263,64.75763463,89969,Great Whales
679432624,2010-06-15 9:12:43,-34.55968077,64.74545059,89969,Great Whales
679432625,2010-06-15 11:12:14,-34.64500579,64.71640563,89969,Great Whales
679432626,2010-06-15 13:11:45,-34.55158635,64.65744542,89969,Great Whales
679432627,2010-06-15 15:11:16,-34.52567548,64.66602656,89969,Great Whales
679432628,2010-06-15 17:10:47,-34.54894686,64.72606807,89969,Great Whales
679432629,2010-06-15 19:10:19,-34.4192523,64.77423746,89969,Great Whales
679432630,2010-06-15 21:09:50,-34.32699256,64.83693096,89969,Great Whales
679432631,2010-06-15 23:09:21,-34.35972427,64.81539707,89969,Great Whales
679432632,2010-06-16 1:08:52,-34.31989017,64.84920026,89969,Great Whales
679432633,2010-06-16 3:08:23,-34.29576289,64.8655045,89969,Great Whales
679432634,2010-06-16 5:07:55,-34.09375014,64.90483405,89969,Great Whales
679432635,2010-06-16 7:07:26,-33.95090415,64.90361167,89969,Great Whales
679432636,2010-06-16 9:06:57,-33.81803799,64.84208703,89969,Great Whales
679432637,2010-06-16 11:06:28,-33.57631403,64.76510519,89969,Great Whales
679432638,2010-06-16 13:05:59,-33.41790931,64.77410814,89969,Great Whales
679432639,2010-06-16 15:05:31,-33.38515656,64.83139409,89969,Great Whales
679432640,2010-06-16 17:05:02,-33.29254713,64.86147172,89969,Great Whales
679432641,2010-06-16 19:04:33,-33.29463242,64.8458568,89969,Great Whales
679432642,2010-06-16 21:04:04,-33.31631084,64.82279478,89969,Great Whales
679432643,2010-06-16 23:03:35,-33.26097368,64.86198876,89969,Great Whales
679432644,2010-06-17 1:03:07,-33.29285553,64.81356743,89969,Great Whales
679432645,2010-06-17 3:02:38,-33.15362546,64.74409948,89969,Great Whales
679432646,2010-06-17 5:02:09,-33.06054188,64.71503144,89969,Great Whales
679432647,2010-06-17 7:01:40,-33.00262409,64.68251329,89969,Great Whales
679432648,2010-06-17 9:01:11,-32.91613647,64.66486162,89969,Great Whales
679432649,2010-06-17 11:00:43,-32.8492464,64.63440792,89969,Great Whales
679432650,2010-06-17 13:00:14,-32.89257716,64.58076713,89969,Great Whales
679432651,2010-06-17 14:59:45,-32.6726886,64.61086349,89969,Great Whales
679432652,2010-06-17 16:59:16,-32.61047668,64.60310497,89969,Great Whales
679432653,2010-06-17 18:58:47,-32.66046608,64.68226526,89969,Great Whales
679432654,2010-06-17 20:58:19,-32.86778,64.62539438,89969,Great Whales
679432655,2010-06-17 22:57:50,-32.80438891,64.62839752,89969,Great Whales
679432656,2010-06-18 0:57:21,-32.95746318,64.71873128,89969,Great Whales
679432657,2010-06-18 2:56:52,-33.12372482,64.71760496,89969,Great Whales
679432658,2010-06-18 4:56:23,-33.2183004,64.690201,89969,Great Whales
679432659,2010-06-18 6:55:55,-33.34044739,64.67317324,89969,Great Whales
679432660,2010-06-18 8:55:26,-33.35931257,64.66473256,89969,Great Whales
679432661,2010-06-18 10:54:57,-33.33805647,64.61742644,89969,Great Whales
679432662,2010-06-18 12:54:28,-33.33397531,64.53969957,89969,Great Whales
679432663,2010-06-18 14:53:59,-33.36855626,64.46869927,89969,Great Whales
679432664,2010-06-18 16:53:31,-33.32651915,64.4025848,89969,Great Whales
679432665,2010-06-18 18:53:02,-33.33048777,64.35721371,89969,Great Whales
679432666,2010-06-18 20:52:33,-33.22403659,64.23032033,89969,Great Whales
679432667,2010-06-18 22:52:04,-33.33343541,64.24571173,89969,Great Whales
679432668,2010-06-19 0:51:35,-33.53133445,64.31563448,89969,Great Whales
679432669,2010-06-19 2:51:07,-33.5660738,64.26339399,89969,Great Whales
679432670,2010-06-19 4:50:38,-33.55806784,64.27506925,89969,Great Whales
679432671,2010-06-19 6:50:09,-33.53527848,64.24690949,89969,Great Whales
679432672,2010-06-19 8:49:40,-33.54537423,64.29309097,89969,Great Whales
679432673,2010-06-19 10:49:11,-33.62768226,64.22612769,89969,Great Whales
679432674,2010-06-19 12:48:43,-33.57682819,64.22230087,89969,Great Whales
679432675,2010-06-19 14:48:14,-33.54802298,64.17826883,89969,Great Whales
679432676,2010-06-19 16:47:45,-33.67647094,64.16616449,89969,Great Whales
679432677,2010-06-19 18:47:16,-33.74839377,64.2052518,89969,Great Whales
679432678,2010-06-19 20:46:47,-33.81107373,64.2284444,89969,Great Whales
679432679,2010-06-19 22:46:19,-33.74694991,64.19682033,89969,Great Whales
679432680,2010-06-20 0:45:50,-33.79843526,64.19218221,89969,Great Whales
679432681,2010-06-20 2:45:21,-33.81460912,64.19259049,89969,Great Whales
679432682,2010-06-20 4:44:52,-33.9503577,64.2387244,89969,Great Whales
679432683,2010-06-20 6:44:23,-34.09971338,64.25429966,89969,Great Whales
679432684,2010-06-20 8:43:55,-34.10193803,64.2825962,89969,Great Whales
679432685,2010-06-20 10:43:26,-34.13987161,64.26553702,89969,Great Whales
679432686,2010-06-20 12:42:57,-34.14807886,64.2164828,89969,Great Whales
679432687,2010-06-20 14:42:28,-34.13708704,64.23681117,89969,Great Whales
679432688,2010-06-20 16:41:59,-34.22846537,64.2449164,89969,Great Whales
679432689,2010-06-20 18:41:31,-34.19307571,64.2833983,89969,Great Whales
679432690,2010-06-20 20:41:02,-34.21767258,64.31143966,89969,Great Whales
679432691,2010-06-20 22:40:33,-34.29849623,64.31053786,89969,Great Whales
679432692,2010-06-21 0:40:04,-34.21415684,64.36202719,89969,Great Whales
679432693,2010-06-21 2:39:35,-34.47639159,64.41973384,89969,Great Whales
679432694,2010-06-21 4:39:07,-34.47485132,64.34892102,89969,Great Whales
679432695,2010-06-21 6:38:38,-34.4114054,64.35269553,89969,Great Whales
679432696,2010-06-21 8:38:09,-34.37846592,64.34353569,89969,Great Whales
679432697,2010-06-21 10:37:40,-34.41346577,64.38096809,89969,Great Whales
679432698,2010-06-21 12:37:11,-34.37611633,64.35417395,89969,Great Whales
679432699,2010-06-21 14:36:43,-34.41341625,64.37324238,89969,Great Whales
679432700,2010-06-21 16:36:14,-34.42451444,64.34109059,89969,Great Whales
679432701,2010-06-21 18:35:45,-34.40912018,64.30008922,89969,Great Whales
679432702,2010-06-21 20:35:16,-34.36508199,64.27954055,89969,Great Whales
679432703,2010-06-21 22:34:47,-34.40582276,64.32923913,89969,Great Whales
679432704,2010-06-22 0:34:19,-34.40880972,64.37294435,89969,Great Whales
679432705,2010-06-22 2:33:50,-34.28894561,64.45592865,89969,Great Whales
679432706,2010-06-22 4:33:21,-34.2180018,64.51656161,89969,Great Whales
679432707,2010-06-22 6:32:52,-34.10194796,64.55677081,89969,Great Whales
679432708,2010-06-22 8:32:23,-33.90010524,64.58508064,89969,Great Whales
679432709,2010-06-22 10:31:55,-33.72562834,64.63811081,89969,Great Whales
679432710,2010-06-22 12:31:26,-33.59190247,64.67371878,89969,Great Whales
679432711,2010-06-22 14:30:57,-33.48432509,64.71092747,89969,Great Whales
679432712,2010-06-22 16:30:28,-33.40430543,64.75057998,89969,Great Whales
679432713,2010-06-22 18:29:59,-33.21100478,64.77385776,89969,Great Whales
679432714,2010-06-22 20:29:31,-33.37595246,64.85331635,89969,Great Whales
679432715,2010-06-22 22:29:02,-33.29109113,64.82160064,89969,Great Whales
679432716,2010-06-23 0:28:33,-33.24646592,64.80565581,89969,Great Whales
679432717,2010-06-23 2:28:04,-33.29543737,64.86877781,89969,Great Whales
679432718,2010-06-23 4:27:35,-33.09006926,64.83256838,89969,Great Whales
679432719,2010-06-23 6:27:07,-33.06505128,64.76690956,89969,Great Whales
679432720,2010-06-23 8:26:38,-33.13047962,64.72599054,89969,Great Whales
679432721,2010-06-23 10:26:09,-33.20421091,64.71984053,89969,Great Whales
679432722,2010-06-23 12:25:40,-33.1162727,64.72838266,89969,Great Whales
679432723,2010-06-23 14:25:11,-33.26195513,64.78070658,89969,Great Whales
679432724,2010-06-23 16:24:43,-33.39555325,64.77439782,89969,Great Whales
679432725,2010-06-23 18:24:14,-33.45740719,64.7984901,89969,Great Whales
679432726,2010-06-23 20:23:45,-33.34815392,64.81363569,89969,Great Whales
679432727,2010-06-23 22:23:16,-33.48078502,64.75424561,89969,Great Whales
679432728,2010-06-24 0:22:47,-33.53328585,64.71048296,89969,Great Whales
679432729,2010-06-24 2:22:19,-33.37193277,64.7764957,89969,Great Whales
679432730,2010-06-24 4:21:50,-33.36627671,64.82481367,89969,Great Whales
679432731,2010-06-24 6:21:21,-33.43416801,64.85792173,89969,Great Whales
679432732,2010-06-24 8:20:52,-33.49902293,64.88044959,89969,Great Whales
679432733,2010-06-24 10:20:23,-33.40199231,64.85869658,89969,Great Whales
679432734,2010-06-24 12:19:55,-33.37672484,64.90530235,89969,Great Whales
679432735,2010-06-24 14:19:26,-33.27896265,64.97863906,89969,Great Whales
679432736,2010-06-24 16:18:57,-33.36790299,64.97922155,89969,Great Whales
679432737,2010-06-24 18:18:28,-33.33290463,64.96786071,89969,Great Whales
679432738,2010-06-24 20:17:59,-33.37361378,64.91961179,89969,Great Whales
679432739,2010-06-24 22:17:31,-33.29904234,64.90777476,89969,Great Whales
679432740,2010-06-25 0:17:02,-33.18595735,64.96051647,89969,Great Whales
679432741,2010-06-25 2:16:33,-33.24197304,64.97308841,89969,Great Whales
679432742,2010-06-25 4:16:04,-33.41921424,65.02143636,89969,Great Whales
679432743,2010-06-25 6:15:35,-33.59337321,65.102737,89969,Great Whales
679432744,2010-06-25 8:15:07,-33.620845,65.1642213,89969,Great Whales
679432745,2010-06-25 10:14:38,-33.75884063,65.23393333,89969,Great Whales
679432746,2010-06-25 12:14:09,-33.84500901,65.32044025,89969,Great Whales
679432747,2010-06-25 14:13:40,-33.82253059,65.406762,89969,Great Whales
679432748,2010-06-25 16:13:11,-33.91118917,65.40528605,89969,Great Whales
679432749,2010-06-25 18:12:43,-33.96987926,65.43129345,89969,Great Whales
679432750,2010-06-25 20:12:14,-33.97214018,65.38566881,89969,Great Whales
679432751,2010-06-25 22:11:45,-34.10363754,65.38781641,89969,Great Whales
679432752,2010-06-26 0:11:16,-34.18033971,65.35450651,89969,Great Whales
679432753,2010-06-26 2:10:47,-33.98973967,65.27532016,89969,Great Whales
679432754,2010-06-26 4:10:19,-34.02932127,65.31026659,89969,Great Whales
679432755,2010-06-26 6:09:50,-34.00179864,65.27820746,89969,Great Whales
679432756,2010-06-26 8:09:21,-34.05658179,65.30892892,89969,Great Whales
679432757,2010-06-26 10:08:52,-33.97225579,65.33344583,89969,Great Whales
679432758,2010-06-26 12:08:23,-34.01551932,65.37240642,89969,Great Whales
679432759,2010-06-26 14:07:55,-34.07642042,65.36785547,89969,Great Whales
679432760,2010-06-26 16:07:26,-34.06708798,65.40180835,89969,Great Whales
679432761,2010-06-26 18:06:57,-34.07219335,65.40945891,89969,Great Whales
679432762,2010-06-26 20:06:28,-34.10660203,65.37757929,89969,Great Whales
679432763,2010-06-26 22:05:59,-34.14789974,65.34485532,89969,Great Whales
679432764,2010-06-27 0:05:31,-34.41460347,65.31977103,89969,Great Whales
679432765,2010-06-27 2:05:02,-34.36704781,65.36750274,89969,Great Whales
679432766,2010-06-27 4:04:33,-34.42090404,65.41277823,89969,Great Whales
679432767,2010-06-27 6:04:04,-34.33326861,65.48090868,89969,Great Whales
679432768,2010-06-27 8:03:35,-34.29005441,65.52833372,89969,Great Whales
679432769,2010-06-27 10:03:07,-34.24248827,65.51539815,89969,Great Whales
679432770,2010-06-27 12:02:38,-34.15334157,65.49431222,89969,Great Whales
679432771,2010-06-27 14:02:09,-34.12329901,65.47237752,89969,Great Whales
679432772,2010-06-27 16:01:40,-34.34168678,65.44470322,89969,Great Whales
679432773,2010-06-27 18:01:11,-34.34885323,65.43045252,89969,Great Whales
679432774,2010-06-27 20:00:43,-34.39130612,65.43900482,89969,Great Whales
679432775,2010-06-27 22:00:14,-34.58311095,65.50226203,89969,Great Whales
679432776,2010-06-27 23:59:45,-34.67726854,65.51951547,89969,Great Whales
679432777,2010-06-28 1:59:16,-34.70306189,65.53688131,89969,Great Whales
679432778,2010-06-28 3:58:47,-34.69891063,65.51240906,89969,Great Whales
679432779,2010-06-28 5:58:19,-34.92501429,65.50355313,89969,Great Whales
679432780,2010-06-28 7:57:50,-34.83182556,65.50310522,89969,Great Whales
679432781,2010-06-28 9:57:21,-35.01292633,65.4585873,89969,Great Whales
679432782,2010-06-28 11:56:52,-35.15728855,65.45538178,89969,Great Whales
679432783,2010-06-28 13:56:23,-35.19433413,65.42482655,89969,Great Whales
679432784,2010-06-28 15:55:55,-35.21172892,65.37870634,89969,Great Whales
679432785,2010-06-28 17:55:26,-35.27480536,65.42803566,89969,Great Whales
679432786,2010-06-28 19:54:57,-35.25465606,65.39736067,89969,Great Whales
679432787,2010-06-28 21:54:28,-35.34772581,65.47738706,89969,Great Whales
679432788,2010-06-28 23:53:59,-35.17027714,65.5136674,89969,Great Whales
679432789,2010-06-29 1:53:31,-35.22605445,65.52337903,89969,Great Whales
679432790,2010-06-29 3:53:02,-35.2302315,65.53939745,89969,Great Whales
679432791,2010-06-29 5:52:33,-35.14682589,65.49181867,89969,Great Whales
679432792,2010-06-29 7:52:04,-35.07908423,65.49434811,89969,Great Whales
679432793,2010-06-29 9:51:35,-34.99479658,65.4205476,89969,Great Whales
679432794,2010-06-29 11:51:07,-34.88986707,65.37789716,89969,Great Whales
679432795,2010-06-29 13:50:38,-35.03511493,65.36632618,89969,Great Whales
679432796,2010-06-29 15:50:09,-35.20815102,65.35573821,89969,Great Whales
679432797,2010-06-29 17:49:40,-35.26751996,65.43273622,89969,Great Whales
679432798,2010-06-29 19:49:11,-35.26459464,65.56823672,89969,Great Whales
679432799,2010-06-29 21:48:43,-35.13654509,65.60180517,89969,Great Whales
679432800,2010-06-29 23:48:14,-35.00609388,65.62443525,89969,Great Whales
679432801,2010-06-30 1:47:45,-34.94253695,65.63684263,89969,Great Whales
679432802,2010-06-30 3:47:16,-34.84402899,65.63509944,89969,Great Whales
679432803,2010-06-30 5:46:47,-34.69356535,65.64202086,89969,Great Whales
679432804,2010-06-30 7:46:19,-34.4600866,65.68883173,89969,Great Whales
679432805,2010-06-30 9:45:50,-34.51762474,65.67376356,89969,Great Whales
679432806,2010-06-30 11:45:21,-34.53434045,65.66655816,89969,Great Whales
679432807,2010-06-30 13:44:52,-34.68363675,65.67188399,89969,Great Whales
679432808,2010-06-30 15:44:23,-34.62690491,65.7236971,89969,Great Whales
679432809,2010-06-30 17:43:55,-34.58466764,65.66776462,89969,Great Whales
679432810,2010-06-30 19:43:26,-34.63279548,65.66859834,89969,Great Whales
679432811,2010-06-30 21:42:57,-34.47012901,65.66941268,89969,Great Whales
679432812,2010-06-30 23:42:28,-34.35292989,65.69064684,89969,Great Whales
679432813,2010-07-01 1:41:59,-34.24218957,65.72327495,89969,Great Whales
679432814,2010-07-01 3:41:31,-34.23295184,65.74068953,89969,Great Whales
679432815,2010-07-01 5:41:02,-34.2755974,65.75237586,89969,Great Whales
679432816,2010-07-01 7:40:33,-34.25367263,65.76493589,89969,Great Whales
679432817,2010-07-01 9:40:04,-34.20615488,65.77537829,89969,Great Whales
679432818,2010-07-01 11:39:35,-34.01529385,65.82263041,89969,Great Whales
679432819,2010-07-01 13:39:07,-33.86156335,65.88002191,89969,Great Whales
679432820,2010-07-01 15:38:38,-33.66210324,65.91730914,89969,Great Whales
679432821,2010-07-01 17:38:09,-33.45464555,65.90051258,89969,Great Whales
679432822,2010-07-01 19:37:40,-33.3699244,65.8135958,89969,Great Whales
679432823,2010-07-01 21:37:11,-33.42935655,65.73193597,89969,Great Whales
679432824,2010-07-01 23:36:43,-33.49582672,65.69428759,89969,Great Whales
679432825,2010-07-02 1:36:14,-33.53129202,65.67378186,89969,Great Whales
679432826,2010-07-02 3:35:45,-33.57163288,65.66376683,89969,Great Whales
679432827,2010-07-02 5:35:16,-33.59368609,65.62644327,89969,Great Whales
679432828,2010-07-02 7:34:47,-33.60935443,65.59053152,89969,Great Whales
679432829,2010-07-02 9:34:19,-33.59763507,65.57499626,89969,Great Whales
679432830,2010-07-02 11:33:50,-33.60162664,65.54335189,89969,Great Whales
679432831,2010-07-02 13:33:21,-33.63777863,65.57572727,89969,Great Whales
679432832,2010-07-02 15:32:52,-33.68601863,65.62057586,89969,Great Whales
679432833,2010-07-02 17:32:23,-33.6838479,65.61442442,89969,Great Whales
679432834,2010-07-02 19:31:55,-33.67764227,65.5926498,89969,Great Whales
679432835,2010-07-02 21:31:26,-33.72451149,65.57076652,89969,Great Whales
679432836,2010-07-02 23:30:57,-33.77373784,65.55650475,89969,Great Whales
679432837,2010-07-03 1:30:28,-33.87020863,65.52193367,89969,Great Whales
679432838,2010-07-03 3:29:59,-34.05964795,65.45051256,89969,Great Whales
679432839,2010-07-03 5:29:31,-34.24709059,65.37660776,89969,Great Whales
679432840,2010-07-03 7:29:02,-34.33989541,65.35390924,89969,Great Whales
679432841,2010-07-03 9:28:33,-34.36262367,65.36476528,89969,Great Whales
679432842,2010-07-03 11:28:04,-34.38951993,65.36707407,89969,Great Whales
679432843,2010-07-03 13:27:35,-34.44729032,65.33767384,89969,Great Whales
679432844,2010-07-03 15:27:07,-34.5109582,65.29404959,89969,Great Whales
679432845,2010-07-03 17:26:38,-34.62107608,65.23299281,89969,Great Whales
679432846,2010-07-03 19:26:09,-34.76514931,65.15901634,89969,Great Whales
679432847,2010-07-03 21:25:40,-34.93788499,65.08465582,89969,Great Whales
679432848,2010-07-03 23:25:11,-35.13539425,65.04992901,89969,Great Whales
679432849,2010-07-04 1:24:43,-35.35447069,64.99352125,89969,Great Whales
679432850,2010-07-04 3:24:14,-35.65582355,64.91511962,89969,Great Whales
679432851,2010-07-04 5:23:45,-35.9646224,64.91943605,89969,Great Whales
679432852,2010-07-04 7:23:16,-36.25784919,64.86533521,89969,Great Whales
679432853,2010-07-04 9:22:47,-36.52410608,64.80803863,89969,Great Whales
679432854,2010-07-04 11:22:19,-36.80761775,64.80409833,89969,Great Whales
679432855,2010-07-04 13:21:50,-37.08644489,64.81405399,89969,Great Whales
679432856,2010-07-04 15:21:21,-37.40511645,64.94257063,89969,Great Whales
679432857,2010-07-04 17:20:52,-37.75773544,64.9006161,89969,Great Whales
679432858,2010-07-04 19:20:23,-38.05434908,64.82021885,89969,Great Whales
679432859,2010-07-04 21:19:55,-38.24348457,64.78609543,89969,Great Whales
679432860,2010-07-04 23:19:26,-38.38207476,64.75894452,89969,Great Whales
