Number,Constellation,HD,Mag,Lon,Lat
4,Andromeda,358.0,2.07,177.90345833333333,29.090833333333332
15,Pegasus,358.0,2.07,177.90345833333333,29.090833333333332
5,Andromeda,6860.0,2.07,162.5675,35.62083333333334
6,Andromeda,12533.0,2.10,149.02533333333332,42.329861111111114
7,Andromeda,3627.0,3.27,170.16833333333332,30.861222222222224
8,Andromeda,9927.0,3.59,155.50208333333333,48.6285
9,Andromeda,217675.0,3.62,-165.48020833333334,42.32597222222223
10,Andromeda,222107.0,3.81,-174.39045833333336,46.45916666666667
11,Andromeda,5448.0,3.86,165.81208333333333,38.49925
12,Andromeda,4502.0,4.08,168.16504166666667,24.26738888888889
13,Andromeda,9826.0,4.10,155.80008333333333,41.406388888888884
14,Andromeda,222439.0,4.15,-175.10183333333333,44.33397222222222
15,Andromeda,6811.0,4.26,162.6245,47.24183333333333
16,Andromeda,222173.0,4.29,-174.53408333333334,43.26808333333333
17,Andromeda,3369.0,4.34,170.77983333333333,33.71936111111111
18,Andromeda,3546.0,4.34,170.36041666666668,29.312361111111112
19,Andromeda,5516.0,4.40,165.69820833333333,23.41775
20,Andromeda,1404.0,4.51,175.417875,36.785333333333334
21,Andromeda,4727.0,4.53,167.54654166666666,41.078944444444446
22,Andromeda,1280.0,4.61,175.72691666666665,38.681666666666665
23,Andromeda,8207.0,4.87,159.41504166666667,45.52875
1,Antlia,90610.0,4.28,23.211833333333345,-30.932194444444445
2,Antlia,82150.0,4.51,37.68858333333333,-34.04863888888889
3,Antlia,94890.0,4.60,15.820833333333326,-36.86252777777778
4,Antlia,84367.0,4.78,33.949458333333325,-26.230444444444444
1,Apus,129078.0,3.83,-41.96554166666667,-78.95527777777778
2,Apus,147675.0,3.86,-68.36441666666667,-77.10302777777777
3,Apus,149324.0,4.23,-70.77258333333333,-76.48341666666667
4,Apus,145366.0,4.68,-65.08683333333335,-77.30433333333333
5,Apus,145388.0,5.27,-65.11191666666667,-77.33258333333333
4,Aquarius,204867.0,2.90,-142.88966666666664,-4.428833333333333
5,Aquarius,209750.0,2.95,-151.44595833333335,0.3198333333333333
6,Aquarius,216627.0,3.27,-163.66266666666667,-14.17925
7,Aquarius,213051.0,3.65,-157.20749999999998,0.020055555555555556
8,Aquarius,216386.0,3.73,-163.15358333333336,-6.420333333333334
9,Aquarius,198001.0,3.78,-131.918875,-8.504305555555556
10,Aquarius,212061.0,3.86,-155.41375,-0.612638888888889
11,Aquarius,213998.0,4.04,-158.83887499999997,0.11736111111111111
12,Aquarius,216032.0,4.05,-162.39795833333335,-12.407472222222221
13,Aquarius,211391.0,4.17,-154.20820833333335,-6.21675
14,Aquarius,219215.0,4.22,-168.58054166666665,-5.951472222222223
15,Aquarius,209819.0,4.29,-151.60920833333336,-12.130472222222222
16,Aquarius,219449.0,4.24,-168.97199999999998,-8.912305555555555
17,Aquarius,219688.0,4.41,-169.47583333333336,-8.8175
18,Aquarius,222661.0,4.49,-175.68033333333335,-13.45525
19,Aquarius,201381.0,4.50,-137.3982916666667,-10.628333333333332
20,Aquarius,212571.0,4.80,-156.31920833333334,1.377388888888889
21,Aquarius,198743.0,4.73,-133.16337499999997,-7.01675
22,Aquarius,213320.0,4.82,-157.66174999999998,-9.322111111111111
23,Aquarius,222345.0,4.97,-174.94600000000003,-13.777944444444444
24,Aquarius,219832.0,4.99,-169.74020833333333,-8.389277777777778
25,Aquarius,214376.0,5.04,-159.43925000000002,-3.77225
1,Aquila,187642.0,0.76,-117.6945,8.86738888888889
2,Aquila,186791.0,2.72,-116.56487499999997,10.613277777777778
3,Aquila,177724.0,2.99,-106.35254166666664,13.863722222222222
4,Aquila,191692.0,3.24,-122.82608333333332,0.8214722222222222
5,Aquila,182640.0,3.36,-111.37395833333335,3.1145833333333335
6,Aquila,177756.0,3.43,-106.56229166666668,-3.1176666666666666
7,Aquila,188512.0,3.71,-118.82820833333335,6.407944444444444
8,Aquila,187929.0,3.87,-118.11816666666664,1.0056666666666667
9,Aquila,176411.0,4.02,-104.90579166666669,15.068472222222223
10,Aquila,184930.0,4.36,-114.18033333333335,-0.7134444444444444
1,Ara,157244.0,2.84,-81.32499999999999,-54.47016666666667
2,Ara,158427.0,2.84,-82.96050000000002,-48.124027777777776
3,Ara,152786.0,3.12,-74.655125,-54.00994444444444
4,Ara,157246.0,3.31,-81.34858333333335,-55.622305555555556
5,Ara,158094.0,3.60,-82.77491666666668,-59.316388888888895
6,Ara,165024.0,3.65,-91.65783333333331,-49.90855555555555
7,Ara,151249.0,3.77,-72.44629166666667,-58.95869444444445
8,Ara,152980.0,4.06,-74.89604166666666,-52.8395
1,Aries,12929.0,2.01,148.207125,23.462777777777777
2,Aries,11636.0,2.64,151.34020833333332,20.808305555555556
3,Aries,17573.0,3.61,137.50420833333334,27.26077777777778
4,Aries,11503.0,4.62,151.6175,19.295833333333334
5,Aries,19787.0,4.35,132.09304166666666,19.726694444444444
6,Aries,18519.0,5.2,135.19708333333332,21.340277777777775
7,Aries,11973.0,4.79,150.51758333333333,23.596083333333333
8,Aries,20150.0,4.87,131.27454166666666,21.04463888888889
4,Auriga,34029.0,0.08,100.82791666666667,45.999027777777776
5,Auriga,40183.0,1.90,90.117625,44.94744444444444
6,Auriga,40312.0,2.62,90.06983333333334,37.21277777777778
7,Auriga,31398.0,2.69,105.75158333333333,33.16613888888889
8,Auriga,31964.0,3.03,104.50779166666666,43.82330555555556
9,Auriga,32630.0,3.18,103.371375,41.23463888888889
11,Auriga,32630.0,3.18,103.371375,41.23463888888889
10,Auriga,40035.0,3.72,90.11854166666667,54.28497222222222
12,Auriga,39003.0,3.97,92.12754166666667,39.148472222222225
13,Auriga,38656.0,4.51,92.70641666666667,39.18113888888889
14,Auriga,38944.0,4.72,92.23995833333333,37.30569444444444
1,Boötes,124897.0,−0.05,-33.918125,19.187277777777776
2,Boötes,129988.0,2.35,-41.24687499999999,27.074166666666667
3,Boötes,121370.0,2.68,-28.671333333333337,18.398583333333335
4,Boötes,127762.0,3.04,-38.01983333333334,38.30788888888888
5,Boötes,135722.0,3.46,-48.875416666666666,33.31511111111111
6,Boötes,133208.0,3.49,-45.486625000000004,40.39063888888889
7,Boötes,128167.0,4.47,-38.669541666666674,29.744805555555555
8,Boötes,127665.0,3.57,-37.957750000000004,30.37113888888889
9,Boötes,129247.0,4.43,-40.28708333333333,13.728333333333333
10,Boötes,126660.0,4.04,-36.30008333333333,51.85172222222222
11,Boötes,120477.0,4.05,-27.36958333333334,15.797805555555556
12,Boötes,125162.0,4.18,-34.09658333333334,46.08791666666667
13,Boötes,137391.0,4.31,-51.12308333333334,37.37697222222222
14,Boötes,120136.0,4.50,-26.816833333333335,17.456777777777777
15,Boötes,133582.0,4.52,-46.11191666666667,26.947666666666667
16,Boötes,124675.0,4.53,-33.37062499999999,51.79
17,Boötes,131156.0,4.54,-42.84700000000001,19.10063888888889
18,Boötes,125161.0,4.75,-34.041958333333326,51.36702777777778
19,Boötes,130945.0,5.76,-42.32783333333333,46.11638888888889
1,Camelopardalis,31910.0,4.03,104.14541666666666,60.442277777777775
2,Camelopardalis,21291.0,4.21,127.73279166666666,59.94033333333333
3,Camelopardalis,30614.0,4.26,106.48745833333334,66.34266666666666
4,Camelopardalis,23401.0,4.59,122.4105,71.33236111111111
3,Cancer,69267.0,3.53,55.87104166666667,9.185666666666666
4,Cancer,74442.0,3.94,48.82870833333334,18.15486111111111
5,Cancer,76756.0,4.26,45.37833333333333,11.857777777777777
6,Cancer,74198.0,4.66,49.17829166666667,21.46858333333333
7,Cancer,682556825668257.0,4.67,56.947041666666664,17.648138888888887
6,Canes Venatici,112413.0,2.89,-14.007666666666665,38.318250000000006
7,Canes Venatici,109358.0,4.24,-8.437874999999991,41.35677777777778
8,Canes Venatici,110914.0,5.42,-11.282624999999996,45.44022222222222
2,Canis Major,48915.0,−1.46,78.71145833333334,-15.286861111111111
3,Canis Major,52089.0,1.50,75.34354166666667,-27.02791666666667
4,Canis Major,54605.0,1.83,72.902125,-25.606805555555557
5,Canis Major,44743.0,1.98,84.32504166666666,-16.044083333333333
6,Canis Major,58350.0,2.45,68.97620833333333,-28.69688888888889
7,Canis Major,44402.0,3.02,84.92170833333333,-29.93661111111111
8,Canis Major,50013.0,3.50,77.53970833333334,-31.4915
9,Canis Major,50778.0,4.08,76.45216666666667,-11.961416666666667
10,Canis Major,53244.0,4.12,74.06045833333333,-14.36675
11,Canis Major,51309.0,4.36,75.96570833333334,-16.94575
1,Canis Minor,61421.0,0.34,65.17275,5.2275
2,Canis Minor,58715.0,2.89,68.21220833333334,8.289416666666666
3,Canis Minor,58972.0,4.33,67.95904166666666,8.9255
4,Canis Minor,58367.0,4.99,68.58791666666667,9.276111111111112
2,Capricornus,207098.0,2.85,-146.75954166666668,-15.873444444444443
3,Capricornus,193495.0,3.05,-125.25270833333332,-13.21861111111111
4,Capricornus,192947.0,3.58,-124.51341666666667,-11.45513888888889
5,Capricornus,206088.0,3.69,-145.02224999999999,-15.33775
6,Capricornus,204075.0,3.77,-141.66679166666665,-21.588611111111113
7,Capricornus,200761.0,4.08,-136.48658333333333,-16.767277777777778
8,Capricornus,198542.0,4.12,-132.95541666666668,-25.08086111111111
9,Capricornus,197692.0,4.13,-131.52404166666668,-24.729472222222224
10,Capricornus,192876.0,4.30,-124.41191666666668,-11.491777777777777
11,Capricornus,203387.0,4.27,-140.56158333333332,-15.165444444444445
12,Capricornus,193432.0,4.77,-125.16587500000003,-11.240944444444445
1,Carina,45348.0,−0.72,84.012125,-51.304277777777784
2,Carina,80007.0,1.67,41.69900000000001,-68.28252777777777
3,Carina,71129.0,1.86,54.37141666666666,-58.49047222222222
4,Carina,80404.0,2.23,40.727374999999995,-58.72475
5,Carina,93030.0,2.74,19.260708333333326,-63.60552777777778
6,Carina,85123.0,2.92,33.224416666666656,-64.92797222222222
7,Carina,89080.0,3.29,26.565499999999986,-69.96208333333334
8,Carina,93308.0,4.47,18.735000000000014,-58.31583333333334
9,Carina,65575.0,3.46,60.80525,-51.01761111111111
3,Cassiopeia,3712.0,2.24,169.873375,56.537416666666665
4,Cassiopeia,432.0,2.28,177.70795833333332,59.15022222222222
5,Cassiopeia,5394.0,2.47,165.82291666666666,60.716750000000005
6,Cassiopeia,8538.0,2.68,158.5475,60.235416666666666
7,Cassiopeia,11415.0,3.35,151.40133333333333,63.670138888888886
8,Cassiopeia,4614.0,3.46,167.72875,57.81655555555555
9,Cassiopeia,3360.0,3.69,170.75720833333332,53.89694444444444
10,Cassiopeia,2905.0,4.17,171.75004166666668,62.931777777777775
11,Cassiopeia,6961.0,4.34,162.22529166666666,55.14994444444444
12,Cassiopeia,9408.0,4.68,156.51695833333332,59.232083333333335
13,Cassiopeia,5395.0,4.62,165.83329166666667,59.18116666666666
1,Centaurus,128620.0,−0.01,-39.920416666666654,-59.16486111111111
2,Centaurus,122451.0,0.61,-30.95599999999999,-59.627027777777776
3,Centaurus,123139.0,2.06,-31.67216666666667,-35.63130555555556
4,Centaurus,110304.0,2.20,-10.379999999999995,-47.04011111111111
5,Centaurus,118716.0,2.29,-24.971958333333333,-52.53363888888889
6,Centaurus,127972.0,2.33,-38.87687500000001,-41.84225
7,Centaurus,121263.0,2.55,-28.885124999999988,-46.71172222222222
8,Centaurus,105435.0,2.58,-2.0897500000000093,-49.27758333333333
9,Centaurus,115892.0,2.75,-20.150291666666675,-35.28791666666666
10,Centaurus,132200.0,3.13,-44.79041666666666,-41.89586111111111
11,Centaurus,120307.0,3.41,-27.37625,-40.312333333333335
12,Centaurus,120324.0,3.47,-27.404208333333344,-41.52630555555555
13,Centaurus,98718.0,3.90,9.748166666666663,-53.50897222222222
14,Centaurus,108483.0,3.91,-7.010041666666666,-49.769388888888884
1,Cepheus,203280.0,2.45,-139.64408333333336,62.58544444444445
2,Cepheus,205021.0,3.23,-142.16491666666667,70.56069444444444
3,Cepheus,222404.0,3.21,-174.83741666666668,77.63197222222222
4,Cepheus,210745.0,3.39,-152.71358333333336,58.20125
5,Cepheus,198149.0,3.41,-131.32195833333333,61.83680555555556
6,Cepheus,216228.0,3.50,-162.42045833333333,66.20072222222223
7,Cepheus,213306.0,4.07,-157.29270833333334,58.415194444444445
8,Cepheus,206936.0,4.23,-145.87687499999998,58.780055555555556
9,Cepheus,211336.0,4.18,-153.757,57.04347222222222
10,Cepheus,195725.0,4.21,-127.39512500000001,62.99413888888889
11,Cepheus,207260.0,4.25,-146.36220833333334,61.120805555555556
12,Cepheus,209790.0,4.45,-150.9477083333333,64.62797222222221
13,Cepheus,218658.0,4.41,-166.97433333333333,75.38758333333334
14,Cepheus,213798.0,5.45,-157.47070833333333,78.82433333333333
2,Cetus,4128.0,2.04,169.10320833333333,-16.013305555555554
3,Cetus,18884.0,2.54,134.43008333333333,4.089916666666666
4,Cetus,6805.0,3.46,162.85308333333333,-9.818083333333334
5,Cetus,16970.0,3.47,139.1745,3.2361666666666666
6,Cetus,14386.0,3.04,145.163375,-1.0229444444444444
7,Cetus,10700.0,3.49,153.978625,-14.060444444444444
8,Cetus,1522.0,3.56,175.143,-7.176166666666667
9,Cetus,8512.0,3.60,158.99395833333332,-7.81725
10,Cetus,11353.0,3.74,152.13495833333334,-9.665055555555554
11,Cetus,12274.0,3.99,149.99908333333335,-20.92222222222222
12,Cetus,16582.0,4.08,140.129375,0.32852777777777775
13,Cetus,17094.0,4.27,138.765125,10.114222222222223
14,Cetus,15318.0,4.30,142.96033333333332,8.460083333333333
15,Cetus,18604.0,4.71,135.07125,8.907388888888889
1,Chamaeleon,71243.0,4.05,55.369708333333335,-75.08002777777777
2,Chamaeleon,92305.0,4.11,21.13241666666667,-77.39219444444446
3,Chamaeleon,106911.0,4.24,-4.587250000000012,-78.68772222222222
4,Chamaeleon,71701.0,4.34,54.83795833333333,-76.51541666666667
5,Chamaeleon,104174.0,4.88,0.09295833333334258,-77.77819444444444
6,Chamaeleon,93779.0,5.46,18.681749999999994,-79.53047222222222
1,Circinus,128898.0,3.18,-40.62787499999999,-63.025416666666665
2,Circinus,135379.0,4.07,-49.37899999999999,-57.199111111111115
3,Circinus,136415.0,4.48,-50.84441666666666,-58.67930555555555
1,Columba,37795.0,2.65,95.08775,-33.92594444444444
2,Columba,39425.0,3.12,92.26020833333334,-34.230694444444445
3,Columba,44762.0,3.85,84.47145833333333,-32.563722222222225
4,Columba,36597.0,3.86,97.19691666666667,-34.529555555555554
5,Columba,40808.0,3.96,90.213375,-41.18488888888889
6,Columba,40494.0,4.36,90.61579166666667,-34.71669444444444
7,Columba,43785.0,4.37,85.86191666666667,-34.85927777777778
8,Columba,39764.0,4.88,91.72133333333333,-32.19855555555556
9,Columba,40176.0,4.97,91.12545833333333,-36.87938888888889
10,Columba,42167.0,5.00,88.11820833333333,-36.747083333333336
9,Coma Berenices,114710.0,4.26,-17.970499999999987,27.87602777777778
10,Coma Berenices,114378.0,4.32,-17.498124999999987,17.52911111111111
11,Coma Berenices,108381.0,4.35,-6.734708333333344,28.26861111111111
1,Corona Australis,178253.0,4.11,-107.36783333333335,-36.09575
2,Corona Australis,178345.0,4.10,-107.50729166666667,-38.659305555555555
3,Corona Australis,177475.0,4.99,-106.60458333333332,-36.93666666666667
4,Corona Australis,177873.0,4.57,-107.08720833333331,-39.50336111111111
5,Corona Australis,176638.0,4.74,-105.77845833333333,-41.905
6,Corona Australis,170845.0,4.62,-98.37566666666669,-41.68752777777778
1,Corona Borealis,139006.0,2.22,-53.671625000000006,26.714916666666667
2,Corona Borealis,137909.0,3.66,-51.95770833333333,29.105500000000003
3,Corona Borealis,140436.0,3.81,-55.68600000000001,26.295527777777778
4,Corona Borealis,143107.0,4.14,-59.39708333333334,26.878027777777778
5,Corona Borealis,138749.0,4.14,-53.23249999999999,31.359166666666667
6,Corona Borealis,141714.0,4.59,-57.39875000000001,26.068555555555555
7,Corona Borealis,143807.0,4.98,-60.36079166666667,29.851083333333335
1,Corvus,106625.0,2.58,-3.951958333333323,-16.458027777777776
2,Corvus,109379.0,2.65,-8.596791666666661,-22.60338888888889
3,Corvus,108767.0,2.94,-7.466583333333347,-15.484916666666667
4,Corvus,105707.0,3.02,-2.531374999999997,-21.380194444444445
5,Corvus,105452.0,4.02,-2.1031250000000057,-23.271222222222224
1,Crater,98430.0,3.56,10.164500000000004,-13.220944444444443
2,Crater,95272.0,4.08,15.055208333333326,-17.700888888888887
22,Hydra,95272.0,4.08,15.055208333333326,-17.700888888888887
3,Crater,99211.0,4.06,8.77924999999999,-16.31597222222222
4,Crater,97277.0,4.46,12.085458333333321,-21.17438888888889
21,Hydra,97277.0,4.46,12.085458333333321,-21.17438888888889
5,Crater,100889.0,4.70,5.829374999999999,-8.19775
6,Crater,102070.0,4.71,3.809333333333342,-17.649388888888886
7,Crater,99167.0,4.81,8.847458333333321,-9.140611111111111
8,Crater,103632.0,5.17,0.995916666666659,-16.849194444444446
1,Crux,108250.0,4.86,-6.628749999999997,-62.8775
2,Crux,111123.0,1.25,-11.930499999999995,-58.31127777777778
3,Crux,108903.0,1.60,-7.791374999999988,-56.88744444444444
4,Crux,106490.0,2.79,-3.7864999999999895,-57.25111111111111
3,Cygnus,197345.0,1.25,-130.35795833333333,45.28033333333333
4,Cygnus,194093.0,2.23,-125.55708333333331,40.25669444444444
5,Cygnus,197989.0,2.48,-131.55179166666665,33.96944444444445
6,Cygnus,186882.0,2.86,-116.24349999999998,45.130694444444444
7,Cygnus,183912.0,3.05,-112.68037500000003,27.959694444444445
8,Cygnus,202109.0,3.21,-138.23408333333333,30.227083333333333
9,Cygnus,192577.0,3.80,-123.40791666666667,46.74133333333334
10,Cygnus,200905.0,3.72,-136.23275,43.927861111111106
11,Cygnus,184006.0,3.76,-112.42641666666668,51.72947222222223
12,Cygnus,202444.0,3.74,-138.69729166666667,38.044333333333334
13,Cygnus,181276.0,3.80,-109.27545833333335,53.36816666666667
14,Cygnus,188947.0,3.89,-119.07666666666665,35.0835
15,Cygnus,199629.0,3.94,-134.29337500000003,41.16719444444444
16,Cygnus,192909.0,3.96,-123.868,47.714194444444445
17,Cygnus,207330.0,4.23,-146.698375,49.30958333333333
18,Cygnus,202850.0,4.22,-139.3539583333333,39.39469444444445
19,Cygnus,206672.0,4.69,-145.5235833333333,51.18963888888889
20,Cygnus,195774.0,5.53,-127.82840262500002,49.220296000000005
1,Delphinus,196524.0,3.64,-129.38695833333333,14.595194444444445
2,Delphinus,196867.0,3.77,-129.909375,15.912055555555556
3,Delphinus,197963.0,5.15,-131.66195833333336,16.12461111111111
4,Delphinus,195810.0,4.03,-128.30316666666664,11.303333333333335
5,Delphinus,197461.0,4.43,-130.8647916666667,15.074694444444445
2,Dorado,29305.0,3.30,111.50116666666666,-54.955000000000005
3,Dorado,37350.0,3.76,96.59366666666666,-61.51013888888889
4,Dorado,27290.0,4.26,115.99379166666667,-50.51291666666667
5,Dorado,39014.0,4.34,93.80658333333334,-64.26447222222222
6,Dorado,33262.0,4.71,103.622125,-56.527
2,Draco,164058.0,2.24,-89.15158333333335,51.48894444444444
3,Draco,148387.0,2.73,-65.99795833333334,61.51408333333333
4,Draco,159181.0,2.79,-82.60825,52.301361111111106
5,Draco,180711.0,3.07,-108.138125,67.66130555555556
6,Draco,155763.0,3.17,-77.19679166666668,65.71463888888889
7,Draco,137759.0,3.29,-51.232416666666666,58.96602777777778
8,Draco,170153.0,3.55,-95.25975,72.73369444444444
9,Draco,123299.0,3.67,-31.097624999999994,64.37580555555554
10,Draco,163588.0,3.73,-88.38179166666669,56.87244444444445
11,Draco,109387.0,3.85,-8.37100000000001,69.78822222222222
12,Draco,188119.0,3.84,-117.0425416666667,70.26783333333333
13,Draco,100029.0,3.82,7.1487916666666536,69.33111111111111
14,Draco,144284.0,4.01,-60.473749999999995,58.56444444444444
15,Draco,170000.0,4.22,-95.18933333333331,71.33772222222221
16,Draco,162003.0,4.57,-85.484625,72.1495
17,Draco,185144.0,4.67,-113.0857916666667,69.6653888888889
18,Draco,176524.0,4.82,-103.59904166666666,71.29708333333333
19,Draco,159560.0,4.86,-83.06616666666667,55.172805555555556
20,Draco,154905.0,4.91,-76.33408333333335,54.469861111111115
1,Equuleus,202447.0,3.92,-138.95583333333332,5.248083333333334
2,Equuleus,202275.0,4.47,-138.61995833333333,10.007722222222222
3,Equuleus,201601.0,4.70,-137.58529166666665,10.131944444444445
1,Eridanus,10144.0,0.45,155.571875,-56.763333333333335
2,Eridanus,33111.0,2.78,103.037375,-4.91375
3,Eridanus,25025.0,2.97,120.49279166666668,-12.49175
4,Eridanus,18622.0,2.88,135.4345,-39.69527777777778
5,Eridanus,23249.0,3.52,124.18766666666667,-8.234805555555555
6,Eridanus,20720.0,3.70,130.12095833333333,-20.242055555555556
7,Eridanus,11937.0,3.69,151.01320833333332,-50.39041666666667
8,Eridanus,22049.0,3.72,126.76491666666666,-8.541694444444445
9,Eridanus,29291.0,3.81,111.11220833333333,-29.437694444444443
10,Eridanus,18322.0,3.89,135.89333333333332,-7.102388888888889
11,Eridanus,29503.0,3.86,110.45470833333333,-13.696416666666666
12,Eridanus,29248.0,3.93,110.92025,-2.6475555555555554
13,Eridanus,30211.0,4.01,108.62441666666666,-2.745388888888889
14,Eridanus,26574.0,4.04,117.033625,-5.162222222222223
15,Eridanus,18978.0,4.08,134.40170833333332,-22.375666666666667
16,Eridanus,16815.0,4.11,139.83362499999998,-38.14469444444444
17,Eridanus,23754.0,4.22,123.28754166666667,-22.751555555555555
18,Eridanus,15371.0,4.24,143.25375,-46.296166666666664
19,Eridanus,22203.0,4.26,126.553125,-20.367194444444443
20,Eridanus,23614.0,4.43,123.46458333333334,-11.898277777777778
21,Eridanus,26965.0,4.43,116.1765,-6.355444444444445
22,Eridanus,17206.0,4.47,138.72508333333332,-17.42736111111111
23,Eridanus,29085.0,4.49,111.622375,-28.234166666666667
24,Eridanus,25267.0,4.62,120.01883333333333,-23.98375
25,Eridanus,24587.0,4.64,121.57216666666667,-23.387777777777778
26,Eridanus,17824.0,4.76,137.24020833333333,-20.996027777777776
27,Eridanus,20320.0,4.80,131.04154166666666,-7.180166666666667
1,Fornax,20010.0,3.85,131.98216666666667,-27.01088888888889
2,Fornax,17652.0,4.45,137.72766666666666,-31.593722222222222
3,Fornax,12767.0,4.68,148.877375,-28.703166666666664
4,Fornax,16046.0,4.96,141.53870833333332,-27.767666666666667
2,Gemini,62509.0,1.16,63.66933333333333,28.026305555555556
3,Gemini,60178.0,2.88,66.35,31.88861111111111
4,Gemini,47105.0,1.93,80.57208333333334,16.399416666666667
5,Gemini,44478.0,2.87,84.26004166666667,22.51386111111111
6,Gemini,48329.0,3.06,79.01695833333333,25.13116666666667
7,Gemini,58207.0,3.78,68.568,27.79827777777778
8,Gemini,42995.0,3.31,86.28041666666667,22.506833333333333
9,Gemini,48737.0,3.35,78.677375,12.896055555555556
10,Gemini,56986.0,3.50,69.96920833333333,21.982333333333333
11,Gemini,62345.0,3.57,63.888041666666666,24.398138888888887
12,Gemini,56537.0,3.58,70.476625,16.540472222222224
13,Gemini,50019.0,3.60,76.80275,33.96136111111112
14,Gemini,52973.0,4.01,73.97275,20.570305555555557
15,Gemini,60522.0,4.06,66.01929166666666,26.896
16,Gemini,45542.0,4.13,82.75920833333333,20.212166666666665
17,Gemini,58946.0,4.16,67.72245833333334,31.784083333333335
18,Gemini,54719.0,4.41,72.21504166666666,30.24527777777778
1,Grus,209952.0,1.73,-152.05783333333335,-45.03938888888889
2,Grus,214952.0,2.07,-160.66637500000002,-45.11544444444444
3,Grus,207971.0,3.00,-148.481875,-36.63516666666666
4,Grus,215789.0,3.49,-162.13833333333332,-50.68330555555555
5,Grus,218670.0,3.88,-167.58929166666667,-44.75336111111111
6,Grus,213009.0,3.97,-157.31729166666668,-42.504444444444445
7,Grus,217364.0,4.11,-165.22029166666664,-51.24588888888889
8,Grus,213080.0,4.12,-157.43937499999998,-42.25077777777778
9,Grus,218227.0,4.28,-166.719875,-42.47966666666667
10,Grus,209688.0,4.47,-151.52875,-38.456944444444446
11,Grus,211088.0,4.79,-153.90366666666665,-40.65325
12,Grus,215104.0,4.84,-160.87487499999997,-40.58588888888889
3,Hercules,148856.0,2.78,-67.55525,21.48963888888889
4,Hercules,150680.0,2.81,-70.32283333333334,31.60188888888889
5,Hercules,156164.0,3.12,-78.75799999999998,24.839583333333334
6,Hercules,156283.0,3.16,-78.76187499999997,36.80916666666666
7,Hercules,161797.0,3.42,-86.6155,27.722499999999997
8,Hercules,156014.0,3.31,-78.66191666666668,14.39025
9,Hercules,150997.0,3.48,-70.72391666666667,38.92247222222222
10,Hercules,163993.0,3.70,-89.44095833333336,29.24791666666667
11,Hercules,147547.0,3.74,-65.48016666666666,19.153027777777776
12,Hercules,160762.0,3.82,-84.86620833333336,46.00633333333333
13,Hercules,166014.0,3.84,-91.885625,28.76247222222222
14,Hercules,163770.0,3.86,-89.06324999999998,37.250527777777776
15,Hercules,147394.0,3.91,-64.93520833333332,46.31327777777778
16,Hercules,153808.0,3.92,-75.07254166666667,30.926333333333336
17,Hercules,157778.0,5.40,-80.92083333333335,37.145833333333336
18,Hercules,149630.0,4.20,-68.52579166666666,42.43688888888889
19,Hercules,145389.0,4.23,-62.192499999999995,44.93480555555555
20,Hercules,158899.0,4.41,-82.68458333333331,26.110611111111112
21,Hercules,148112.0,4.57,-66.35387499999999,14.033416666666666
22,Hercules,142373.0,4.60,-58.16745833333334,42.45
23,Hercules,145001.0,5.00,-62.01895833333333,17.047
1,Horologium,26967.0,3.85,116.49966666666667,-41.706138888888894
2,Horologium,18242.0,4.7,136.52958333333333,-48.109722222222224
3,Horologium,18866.0,4.98,135.30095833333334,-63.92869444444444
4,Horologium,19319.0,5.12,134.09625,-58.262388888888886
5,Horologium,16920.0,5.21,139.83508333333333,-53.45008333333333
6,Horologium,16555.0,5.30,140.64891666666665,-51.45691666666667
7,Horologium,17051.0,5.40,139.36183333333332,-49.19916666666667
4,Hydra,81797.0,1.99,38.103125000000006,-7.3413055555555555
5,Hydra,115659.0,2.99,-19.730208333333337,-22.82858333333333
6,Hydra,76294.0,3.11,46.151333333333326,5.945527777777778
7,Hydra,93813.0,3.11,17.59404166666667,-15.805861111111112
8,Hydra,123123.0,3.25,-31.59279166666667,-25.31797222222222
9,Hydra,74874.0,3.38,48.30562499999999,6.418916666666667
10,Hydra,100407.0,3.54,6.748916666666673,-30.14247222222222
11,Hydra,88284.0,3.61,27.352499999999992,-11.646166666666668
12,Hydra,90432.0,3.83,23.47704166666668,-15.163916666666665
13,Hydra,87504.0,4.60,28.718791666666675,-12.935333333333332
14,Hydra,83618.0,3.90,35.036125,-0.8573333333333334
15,Hydra,85444.0,4.11,32.13050000000001,-13.153444444444444
16,Hydra,73262.0,4.14,50.585791666666665,5.703805555555555
17,Hydra,103192.0,4.29,1.7726666666666802,-32.091861111111115
18,Hydra,74280.0,4.30,49.19379166666667,3.3986666666666667
19,Hydra,73471.0,4.45,50.31062499999999,3.3414722222222224
1,Hydrus,2151.0,2.79,173.58666666666667,-76.74497222222222
2,Hydrus,12311.0,2.86,150.308875,-60.43008333333333
3,Hydrus,24512.0,3.26,123.19070833333333,-73.76075
4,Hydrus,15008.0,4.08,144.56241666666665,-67.34058333333333
5,Hydrus,16978.0,4.12,140.10325,-67.73305555555555
6,Hydrus,11977.0,4.68,151.266625,-66.35252777777777
7,Hydrus,18293.0,4.76,137.38108333333332,-74.93311111111112
8,Hydrus,17566.0,4.83,138.61445833333335,-66.38327777777778
1,Indus,196171.0,3.11,-129.39162499999998,-46.708333333333336
2,Indus,198700.0,3.67,-133.7024166666667,-57.54591666666666
3,Indus,208450.0,4.40,-149.47929166666665,-53.007444444444445
4,Indus,202730.0,4.39,-139.96616666666665,-52.55072222222223
5,Indus,197157.0,4.51,-131.00912499999998,-50.079166666666666
1,Lacerta,213558.0,3.76,-157.82241666666664,50.282444444444444
2,Lacerta,212496.0,4.42,-155.8901666666667,52.2295
3,Lacerta,211388.0,4.14,-153.99237499999998,37.74872222222222
4,Lacerta,213310.0,4.34,-157.38258333333334,47.70688888888889
5,Lacerta,212120.0,4.55,-155.256375,46.53655555555555
6,Lacerta,212593.0,4.55,-156.12916666666666,49.47638888888889
6,Leo,87901.0,1.36,27.906416666666672,11.967194444444445
7,Leo,89484.0,2.37,25.007666666666665,19.84186111111111
8,Leo,102647.0,2.14,2.7338333333333367,14.572333333333333
9,Leo,97603.0,2.56,11.473291666666654,20.52402777777778
10,Leo,84441.0,2.97,33.53708333333333,23.774277777777776
11,Leo,97633.0,3.33,11.439833333333326,15.429749999999999
12,Leo,89025.0,3.43,25.827499999999986,23.417333333333335
13,Leo,87737.0,3.48,28.166875000000005,16.762666666666668
14,Leo,83808.0,3.52,34.71199999999999,9.892388888888888
15,Leo,91316.0,3.84,21.79716666666667,9.306583333333334
16,Leo,85503.0,3.88,31.80850000000001,26.007083333333334
17,Leo,99028.0,4.00,9.019291666666675,10.529694444444445
18,Leo,98664.0,4.05,9.715624999999989,6.029361111111111
19,Leo,82308.0,4.32,37.06983333333332,22.968055555555555
20,Leo,81146.0,4.47,38.83633333333333,26.182444444444446
21,Leo,96097.0,4.62,13.744875000000008,7.336111111111111
22,Leo,86663.0,4.68,29.946583333333336,8.044277777777777
1,Leo Minor,94264.0,3.79,16.67233333333334,34.21555555555556
2,Leo Minor,90537.0,4.20,23.028791666666677,36.70747222222222
3,Leo Minor,87696.0,4.49,28.142791666666653,35.24469444444445
4,Leo Minor,82635.0,4.54,36.44425000000001,36.39761111111111
2,Lepus,36673.0,2.58,96.81745833333333,-16.177694444444445
3,Lepus,36079.0,2.81,97.938625,-19.24077777777778
4,Lepus,32887.0,3.19,103.63479166666667,-21.62913888888889
5,Lepus,33904.0,3.29,101.76720833333333,-15.794583333333334
6,Lepus,41695.0,4.67,88.461125,-13.064722222222223
7,Lepus,38678.0,3.55,93.26104166666667,-13.178055555555556
8,Lepus,38393.0,3.59,93.88345833333334,-21.5525
9,Lepus,40136.0,3.71,90.89866666666667,-13.831972222222223
10,Lepus,39364.0,3.76,92.17020833333333,-19.1225
11,Lepus,34816.0,4.29,100.106125,-12.823222222222222
12,Lepus,33949.0,4.36,101.692125,-11.058722222222222
1,Libra,135742.0,2.61,-49.251958333333334,-8.617138888888888
2,Libra,130819.0,5.15,-42.671916666666675,-14.002916666666668
3,Libra,133216.0,3.25,-46.01775000000001,-24.71813888888889
4,Libra,139063.0,3.60,-54.25608333333332,-27.864916666666666
5,Libra,139365.0,3.66,-54.66408333333334,-28.222305555555558
6,Libra,138905.0,3.91,-53.88141666666667,-13.210444444444445
7,Libra,142198.0,4.13,-58.45616666666666,-15.270388888888888
8,Libra,132742.0,4.91,-45.243291666666664,-7.481055555555556
1,Lupus,129056.0,2.30,-40.48237499999999,-46.61186111111111
2,Lupus,132058.0,2.68,-44.63312500000001,-42.86613888888889
3,Lupus,138690.0,2.80,-53.78524999999999,-40.833305555555555
4,Lupus,136298.0,3.22,-50.34308333333334,-39.35252777777778
5,Lupus,136504.0,3.37,-50.67037500000001,-43.31041666666667
6,Lupus,134505.0,3.41,-48.07166666666666,-51.90091666666667
7,Lupus,143118.0,3.42,-60.03058333333334,-37.60336111111111
8,Lupus,125238.0,3.55,-34.850958333333324,-45.94191666666667
9,Lupus,136422.0,3.57,-50.451833333333326,-35.73883333333333
10,Lupus,133242.0,3.91,-46.27962500000001,-46.94880555555556
11,Lupus,141556.0,3.97,-57.73974999999999,-32.37288888888889
1,Lynx,80493.0,3.14,39.735583333333324,34.39252777777778
2,Lynx,80081.0,3.82,40.28887499999999,36.80288888888889
3,Lynx,70272.0,4.25,54.291124999999994,43.18836111111111
6,Lynx,70272.0,4.25,54.291124999999994,43.18836111111111
4,Lynx,43378.0,4.44,85.09420833333333,59.01091666666667
3,Lyra,172167.0,0.03,-99.234125,38.783
4,Lyra,176437.0,3.25,-104.73591666666664,32.68955555555555
5,Lyra,174638.0,3.52,-102.5199583333333,33.36266666666667
6,Lyra,175588.0,4.22,-103.62620833333335,36.89861111111111
7,Lyra,180809.0,4.35,-109.09208333333333,38.133722222222225
8,Lyra,180163.0,4.43,-108.43954166666668,39.14597222222222
9,Lyra,173648.0,4.34,-101.19308333333333,37.60505555555556
10,Lyra,173607.0,4.60,-101.09491666666668,39.61258333333333
11,Lyra,176670.0,4.94,-105.00341666666668,32.1455
12,Lyra,169702.0,5.11,-96.0575,39.50725
1,Mensa,43834.0,5.08,87.44083333333333,-73.24747222222223
2,Mensa,33285.0,5.3,104.32083333333334,-70.68566666666666
3,Mensa,37763.0,5.18,97.03058333333334,-75.65833333333333
4,Mensa,32440.0,5.47,106.20358333333333,-73.063
1,Microscopium,199951.0,4.67,-135.32274999999998,-31.74222222222222
2,Microscopium,202627.0,4.71,-139.484375,-31.827527777777778
3,Microscopium,203006.0,4.80,-140.18991666666665,-39.1905
4,Microscopium,198232.0,4.89,-132.49200000000002,-32.220333333333336
5,Microscopium,197937.0,5.11,-132.12083333333334,-42.01172222222222
2,Monoceros,61935.0,3.94,64.688,-8.448916666666666
3,Monoceros,43232.0,3.99,86.28608333333334,-5.7252777777777775
4,Monoceros,55185.0,4.15,72.03391666666667,0.49277777777777776
5,Monoceros,67594.0,4.36,57.851416666666665,-1.0162222222222221
6,Monoceros,45725.0,4.6,82.79554166666667,-6.966944444444445
1,Musca,109668.0,2.69,-9.296166666666664,-68.86447222222222
2,Musca,110879.0,3.04,-11.570291666666662,-67.89191666666667
3,Musca,112985.0,3.61,-15.565750000000008,-70.45119444444444
4,Musca,102249.0,3.68,3.5976249999999936,-65.27116666666666
5,Musca,109026.0,3.84,-8.117124999999987,-71.86702777777778
6,Musca,106849.0,4.06,-4.394333333333321,-66.03933333333333
1,Octans,205478.0,3.76,-145.368625,-76.61052777777778
2,Octans,214846.0,4.13,-161.51549999999997,-80.6183888888889
3,Octans,124882.0,4.31,-36.73224999999999,-82.33213888888888
4,Octans,224889.0,4.78,179.600625,-76.93469444444445
5,Octans,210967.0,5.09,-155.00616666666667,-79.5603611111111
6,Octans,177482.0,5.45,-137.19170833333334,-87.0435
8,Ophiuchus,159561.0,2.08,-83.73333333333335,12.560583333333334
9,Ophiuchus,155125.0,2.43,-77.59441666666669,-14.274861111111111
10,Ophiuchus,149757.0,2.54,-69.28970833333332,-9.43286111111111
11,Ophiuchus,146051.0,2.73,-63.586541666666676,-2.3060277777777776
12,Ophiuchus,161096.0,2.76,-85.86824999999999,4.566916666666667
13,Ophiuchus,153210.0,3.19,-74.41779166666666,9.375055555555557
14,Ophiuchus,146791.0,3.23,-64.58016666666666,-3.3073888888888887
15,Ophiuchus,157056.0,3.27,-80.50241666666665,-23.0005
16,Ophiuchus,163917.0,3.32,-89.75666666666666,-8.226638888888887
17,Ophiuchus,161868.0,3.75,-86.97320833333333,2.7074722222222225
18,Ophiuchus,148857.0,3.82,-67.7285,1.9841111111111112
4,Orion,39801.0,0.42,91.207125,7.407027777777778
5,Orion,34085.0,0.18,101.36554166666667,-7.798361111111111
6,Orion,35468.0,1.64,98.71720833333333,6.349722222222222
7,Orion,37128.0,1.69,95.946625,-0.7980833333333334
8,Orion,37742.0,1.88,94.81033333333333,-0.05741666666666665
9,Orion,38771.0,2.07,93.060875,-8.330388888888889
10,Orion,36486.0,2.20,96.99833333333333,0.2990833333333333
11,Orion,37043.0,2.75,96.14175,-4.090111111111111
12,Orion,30652.0,3.19,107.54108333333333,6.961250000000001
13,Orion,35411.0,3.35,98.88075,-1.602861111111111
14,Orion,36861.0,3.47,96.2155,9.934166666666666
15,Orion,30836.0,3.68,107.19845833333333,5.6051111111111105
16,Orion,37468.0,3.77,95.31345833333333,-1.3999444444444444
17,Orion,31237.0,3.71,106.43708333333333,2.440666666666667
18,Orion,31421.0,4.06,105.907,13.514583333333333
19,Orion,40932.0,4.12,89.40420833333333,9.647361111111111
20,Orion,30739.0,4.35,107.347,8.90025
21,Orion,39587.0,4.39,91.40383333333334,20.276416666666666
22,Orion,41753.0,4.42,88.107,14.768527777777779
23,Orion,42560.0,4.45,87.015,14.208805555555555
24,Orion,36512.0,4.62,97.01725,-6.698472222222223
25,Orion,41117.0,4.64,89.02008333333333,20.138472222222223
26,Orion,31295.0,4.64,106.27625,10.15113888888889
27,Orion,31767.0,4.47,105.36291666666666,1.7140277777777777
28,Orion,30959.0,4.71,106.86683333333333,14.250777777777778
1,Pavo,193924.0,1.94,-126.41187500000001,-55.26511111111111
2,Pavo,197051.0,3.42,-131.2398333333333,-65.79675
3,Pavo,190248.0,3.55,-122.17441666666667,-65.82066666666667
4,Pavo,160635.0,3.61,-86.43333333333334,-63.27627777777778
5,Pavo,188228.0,3.97,-120.14745833333336,-71.08980555555554
6,Pavo,173948.0,4.22,-103.05433333333332,-61.812444444444445
7,Pavo,171759.0,4.01,-100.75887499999999,-70.57227777777777
8,Pavo,203608.0,4.21,-141.61037499999998,-64.63186111111112
9,Pavo,165040.0,4.33,-92.1449583333333,-62.331944444444446
10,Pavo,174694.0,4.40,-104.23766666666666,-66.76647222222222
11,Pavo,168339.0,4.35,-95.80675000000002,-60.50608333333333
2,Pegasus,206778.0,2.38,-146.0464166666667,9.875
3,Pegasus,217906.0,2.44,-165.94304166666666,28.082444444444445
4,Pegasus,218045.0,2.49,-166.19008333333335,15.20536111111111
5,Pegasus,886.0,2.83,176.69104166666668,15.18361111111111
6,Pegasus,215182.0,2.93,-160.75054166666666,30.221305555555553
7,Pegasus,214923.0,3.41,-160.36529166666668,10.831388888888888
8,Pegasus,216131.0,3.51,-162.5004166666667,24.601694444444448
9,Pegasus,210418.0,3.52,-152.54924999999997,6.197777777777778
10,Pegasus,210027.0,3.77,-151.75195833333333,25.345055555555554
11,Pegasus,215665.0,3.97,-161.6326666666667,23.56566666666667
12,Pegasus,206901.0,4.14,-146.16125,25.645
13,Pegasus,210354.0,5.58,-152.30700000000002,33.1725
14,Pegasus,220061.0,4.58,-170.15925,23.740361111111113
3,Perseus,20902.0,1.79,128.919375,49.86125
4,Perseus,19356.0,2.09,132.95779166666665,40.95563888888889
5,Perseus,24398.0,2.84,121.467,31.883666666666667
6,Perseus,24760.0,2.90,120.53658333333334,40.01027777777778
7,Perseus,18925.0,2.91,133.800875,53.50644444444445
8,Perseus,22928.0,3.01,124.26883333333333,47.78766666666667
9,Perseus,19058.0,3.32,133.70625,38.84052777777778
10,Perseus,23230.0,3.77,123.70150000000001,42.57855555555556
11,Perseus,17506.0,3.77,137.325875,55.89552777777778
12,Perseus,19476.0,3.79,132.62654166666667,44.85788888888889
13,Perseus,23180.0,3.84,123.92029166666666,32.28827777777778
14,Perseus,17878.0,3.93,136.43558333333334,52.7625
15,Perseus,24912.0,3.98,120.25874999999999,35.79102777777778
16,Perseus,19373.0,4.05,132.738,49.6135
17,Perseus,26630.0,4.12,116.27558333333333,48.40936111111111
18,Perseus,16895.0,4.10,138.95129166666666,49.22866666666667
19,Perseus,25642.0,4.25,118.35391666666666,50.35136111111111
20,Perseus,19656.0,4.61,132.1775,39.611583333333336
21,Perseus,18411.0,4.68,135.30979166666668,39.66283333333333
1,Phoenix,2261.0,2.40,173.42970833333334,-41.69488888888889
2,Phoenix,6595.0,3.32,163.47870833333334,-45.2815
3,Phoenix,9053.0,3.41,157.90858333333333,-42.68227777777778
4,Phoenix,496.0,3.88,177.64775,-44.253
5,Phoenix,9362.0,3.93,157.18758333333332,-48.92691666666666
6,Phoenix,2262.0,3.93,173.4495,-42.320083333333336
7,Phoenix,6882.0,3.94,162.90391666666667,-54.75416666666666
8,Phoenix,4150.0,4.36,169.1615,-56.53688888888889
9,Phoenix,11695.0,4.39,151.58825,-45.69755555555556
10,Phoenix,3919.0,4.59,169.66841666666667,-45.915
11,Phoenix,221760.0,4.69,-173.76887499999998,-41.38488888888889
12,Phoenix,2834.0,4.76,172.14641666666665,-47.196444444444445
13,Phoenix,7570.0,4.97,161.20595833333334,-44.46791666666667
1,Pictor,50241.0,3.30,77.95191666666666,-60.05802777777778
2,Pictor,39060.0,3.85,93.17883333333333,-50.933277777777775
3,Pictor,39523.0,4.50,92.54341666666667,-55.8335
4,Pictor,42933.0,4.72,87.425375,-53.03133333333333
2,Pisces,9270.0,3.62,157.12920833333334,15.345833333333333
3,Pisces,219615.0,3.70,-169.28954166666665,3.28225
4,Pisces,12446.0,4.33,149.48833333333334,2.76375
5,Pisces,224617.0,4.03,-179.8275,6.863583333333333
6,Pisces,222368.0,4.13,-174.98674999999997,5.627361111111112
7,Pisces,10761.0,4.26,153.65170833333332,9.15763888888889
8,Pisces,220954.0,4.27,-171.99237499999998,6.3791111111111105
9,Pisces,6186.0,4.27,164.26391666666666,7.890083333333333
10,Pisces,4656.0,4.44,167.82958333333335,7.585194444444444
11,Pisces,10380.0,4.45,154.64204166666667,5.487611111111111
12,Pisces,222603.0,4.49,-175.512,1.7804166666666665
13,Pisces,7106.0,4.51,162.08504166666665,30.08972222222222
14,Pisces,217891.0,4.48,-165.9692083333333,3.8200833333333333
15,Pisces,11559.0,4.61,151.61108333333334,3.187472222222222
16,Pisces,7087.0,4.66,162.13670833333333,21.03466666666667
17,Pisces,7318.0,4.67,161.56275,24.583777777777776
18,Pisces,7964.0,4.74,160.13341666666668,27.264083333333332
19,Pisces,9138.0,4.84,157.45441666666667,6.143944444444445
20,Pisces,220825.0,4.95,-171.73295833333333,1.2558333333333334
1,Piscis Austrinus,216956.0,1.17,-164.41179166666666,-28.378166666666665
2,Piscis Austrinus,214748.0,4.18,-160.16387500000002,-26.95638888888889
3,Piscis Austrinus,216763.0,4.20,-163.98704166666664,-31.460305555555554
4,Piscis Austrinus,213398.0,4.29,-157.87620833333335,-31.653972222222222
5,Piscis Austrinus,206742.0,4.35,-146.236625,-32.974444444444444
6,Piscis Austrinus,216336.0,4.46,-163.13150000000002,-31.124555555555556
7,Piscis Austrinus,210049.0,4.50,-152.09562499999998,-31.01161111111111
8,Piscis Austrinus,210302.0,4.94,-152.5353333333333,-31.451555555555554
9,Piscis Austrinus,210066.0,4.99,-152.10804166666668,-33.95627777777778
10,Piscis Austrinus,207155.0,5.02,-146.93404166666664,-29.101694444444444
4,Puppis,66811.0,2.21,59.103875,-39.996805555555554
5,Puppis,56855.0,2.71,70.71433333333333,-36.902499999999996
6,Puppis,67523.0,2.83,58.113749999999996,-23.695555555555554
7,Puppis,50310.0,2.94,77.51608333333333,-49.38561111111111
8,Puppis,47670.0,3.17,80.55970833333333,-42.80408333333334
9,Puppis,59717.0,3.25,67.69216666666667,-42.69811111111111
10,Puppis,63700.0,3.34,62.67641666666667,-23.14022222222222
1,Pyxis,74575.0,3.68,49.10187500000001,-32.813583333333334
2,Pyxis,74006.0,3.97,49.974416666666656,-34.691694444444444
3,Pyxis,75691.0,4.02,47.366625,-26.289944444444444
4,Pyxis,78541.0,4.62,42.98808333333332,-24.14147222222222
5,Pyxis,81169.0,4.71,39.198583333333346,-27.166083333333333
6,Pyxis,80874.0,4.71,39.626666666666665,-24.034583333333334
7,Pyxis,73898.0,4.86,50.07295833333333,-28.439138888888888
8,Pyxis,76483.0,4.87,46.118666666666655,-26.31836111111111
1,Reticulum,27256.0,3.33,116.39404166666667,-61.52602777777778
2,Reticulum,23817.0,3.84,123.951875,-63.19291666666667
3,Reticulum,27442.0,4.44,115.87883333333333,-58.69825
4,Reticulum,25705.0,4.48,119.77579166666666,-61.84063888888889
5,Reticulum,25422.0,4.56,120.31358333333333,-60.59986111111111
6,Reticulum,22001.0,4.71,127.65754166666667,-61.06155555555556
7,Reticulum,25728.0,4.97,119.67470833333334,-60.920944444444444
2,Sagitta,189319.0,3.51,-119.68912499999999,19.492083333333333
3,Sagitta,187076.0,3.82,-116.84695833333336,18.53425
4,Sagitta,185758.0,4.38,-115.02408333333335,18.013944444444444
5,Sagitta,185958.0,4.38,-115.26220833333332,17.47611111111111
16,Sagittarius,169022.0,1.79,-96.04312499999997,-33.61569444444444
17,Sagittarius,175191.0,2.05,-103.81633333333332,-25.703416666666666
18,Sagittarius,176687.0,2.60,-105.65300000000002,-28.119888888888887
19,Sagittarius,168454.0,2.72,-95.24841666666669,-28.171972222222223
20,Sagittarius,169916.0,2.82,-96.99279166666668,-24.57875
21,Sagittarius,178524.0,2.88,-107.44095833333336,-20.976472222222224
22,Sagittarius,165135.0,2.98,-91.45216666666664,-29.576361111111108
23,Sagittarius,167618.0,3.10,-94.40720833333336,-35.23872222222222
24,Sagittarius,173300.0,3.17,-101.41395833333331,-25.00922222222222
25,Sagittarius,177716.0,3.32,-106.73516666666666,-26.330194444444444
26,Sagittarius,177241.0,3.76,-106.17054166666668,-20.25863888888889
27,Sagittarius,166937.0,3.84,-93.440875,-20.941166666666668
28,Sagittarius,181577.0,3.92,-110.41825,-16.15275
29,Sagittarius,181454.0,3.96,-110.65954166666666,-43.54108333333333
30,Sagittarius,181869.0,3.96,-110.97145833333332,-39.38436111111111
31,Sagittarius,188114.0,4.12,-118.81533333333334,-40.13158333333333
32,Sagittarius,181623.0,4.27,-110.80441666666667,-43.200361111111114
33,Sagittarius,189103.0,4.37,-119.93404166666664,-34.72375
34,Sagittarius,188376.0,4.70,-118.95929166666667,-25.700305555555556
35,Sagittarius,174974.0,4.86,-103.54241666666667,-21.255166666666664
5,Scorpius,148479.0,5.2,-67.35083333333333,-25.569166666666664
6,Scorpius,158926.0,1.62,-83.4022083333333,-36.89625
7,Scorpius,159532.0,1.86,-84.32970833333331,-41.00216666666667
8,Scorpius,143275.0,2.29,-60.08337499999999,-21.37838888888889
9,Scorpius,151680.0,2.29,-72.54266666666666,-33.70738888888889
10,Scorpius,160578.0,2.39,-85.62200000000001,-38.970083333333335
11,Scorpius,144217.0,2.62,-61.35929166666668,-18.19461111111111
22,Scorpius,144217.0,2.62,-61.35929166666668,-18.19461111111111
12,Scorpius,158408.0,2.70,-82.69099999999997,-36.70425
13,Scorpius,147165.0,2.90,-65.29716666666667,-24.40725
14,Scorpius,147165.0,2.90,-65.29716666666667,-24.40725
15,Scorpius,143018.0,2.89,-59.712999999999994,-25.885944444444444
16,Scorpius,161471.0,2.99,-86.89616666666666,-39.87302777777778
17,Scorpius,151890.0,3.00,-72.96766666666667,-37.952666666666666
18,Scorpius,155203.0,3.32,-78.03825,-42.7615
19,Scorpius,151985.0,3.56,-73.08395833333333,-37.982527777777776
20,Scorpius,142669.0,3.87,-59.22120833333332,-28.786
21,Scorpius,145502.0,4.00,-62.99891666666667,-18.539361111111113
1,Sculptor,5737.0,4.30,165.34854166666668,-28.642527777777776
2,Sculptor,221507.0,4.38,-173.24245833333333,-36.181638888888884
3,Sculptor,219784.0,4.41,-169.70595833333334,-31.46816666666667
4,Sculptor,223352.0,4.59,-177.23116666666664,-27.869972222222223
5,Sculptor,2429.0,4.86,173.017875,-32.99294444444445
3,Scutum,171443.0,3.85,-98.80183333333332,-7.756694444444444
4,Scutum,173764.0,4.22,-101.79366666666664,-3.2521666666666667
5,Scutum,172748.0,4.70(4.60–4.79),-100.56841666666668,-8.947444444444443
6,Scutum,170296.0,4.67,-97.299375,-13.434194444444444
7,Scutum,169156.0,4.66,-95.91479166666664,-7.0655
8,Scutum,173009.0,4.88,-100.88016666666664,-7.72475
3,Serpens,140573.0,2.63,-56.06666666666666,6.425527777777778
4,Serpens,168723.0,3.23,-95.32883333333331,-1.1028888888888888
5,Serpens,141513.0,3.54,-57.40529166666667,-2.5698611111111114
16,Serpens,141513.0,3.54,-57.40529166666667,-2.5698611111111114
6,Serpens,159876.0,3.54,-84.39679166666667,-14.601583333333334
7,Serpens,141003.0,3.65,-56.54670833333333,15.421916666666666
8,Serpens,141795.0,3.71,-57.70370833333334,4.4775833333333335
9,Serpens,141795.0,3.71,-57.70370833333334,4.4775833333333335
10,Serpens,142860.0,5.20,-59.112458333333336,15.664722222222222
11,Serpens,141477.0,4.09,-57.18504166666668,18.141777777777776
12,Serpens,156928.0,4.32,-80.20683333333335,-11.15311111111111
13,Serpens,141004.0,4.42,-56.61145833333333,7.35325
14,Serpens,140159.0,4.51,-55.38787500000001,19.6705
15,Serpens,175638.0,4.62,-104.0548333333333,4.2035277777777775
1,Sextans,87887.0,4.48,28.015416666666653,0.37163888888888885
2,Sextans,90994.0,5.08,22.427083333333343,0.6369722222222222
3,Sextans,85558.0,5.07,31.873041666666666,-7.895083333333334
4,Sextans,90882.0,5.19,22.630291666666665,-1.2609444444444444
3,Taurus,29139.0,0.87,111.02,16.50975
4,Taurus,35497.0,1.65,98.42708333333333,28.607861111111113
16,Auriga,35497.0,1.65,98.42708333333333,28.607861111111113
5,Taurus,23607.0,8.30,123.17,24.139444444444443
6,Taurus,37202.0,2.97,95.58883333333333,21.142583333333334
7,Taurus,25204.0,3.41,119.82991666666666,12.490388888888887
8,Taurus,28305.0,3.53,112.846125,19.18052777777778
9,Taurus,27371.0,3.65,115.05195833333333,15.627694444444446
10,Taurus,21364.0,3.73,128.20783333333333,9.732777777777779
11,Taurus,27697.0,3.77,114.26654166666667,17.542583333333337
12,Taurus,28307.0,3.84,112.85654166666667,15.962222222222222
13,Taurus,25490.0,3.91,119.21091666666666,5.989305555555555
14,Taurus,29763.0,4.27,109.43875,22.956972222222223
15,Taurus,26912.0,4.27,116.11645833333333,8.892416666666666
16,Taurus,21120.0,3.61,128.7965,9.029055555555557
1,Telescopium,169467.0,3.49,-96.74345833333331,-44.031666666666666
2,Telescopium,169767.0,4.10,-97.20724999999999,-48.92997222222222
3,Telescopium,166063.0,4.52,-92.80741666666665,-44.04566666666666
4,Telescopium,175510.0,4.85,-104.61566666666664,-51.06138888888889
5,Telescopium,190421.0,4.93,-121.84654166666667,-51.119194444444446
6,Telescopium,184127.0,4.88,-113.804125,-47.900888888888886
2,Triangulum,13161.0,3.00,147.6145,34.98738888888889
3,Triangulum,11443.0,3.42,151.72958333333332,29.57938888888889
4,Triangulum,14055.0,4.03,145.6715,33.84733333333334
5,Triangulum,13974.0,4.84,145.73991666666666,34.224833333333336
1,Triangulum Australe,150798.0,1.91,-72.166125,-68.97236111111111
2,Triangulum Australe,141891.0,2.83,-58.78670833333334,-62.57025
3,Triangulum Australe,135382.0,2.87,-49.72787500000001,-67.32052777777777
4,Triangulum Australe,145544.0,3.86,-63.85945833333332,-62.31436111111111
5,Triangulum Australe,138538.0,4.11,-54.17995833333333,-65.68308333333334
1,Tucana,211416.0,2.87,-154.62574999999998,-59.7405
2,Tucana,219571.0,3.99,-169.3575416666667,-57.76408333333333
3,Tucana,1581.0,4.23,174.99204166666667,-63.122388888888885
4,Tucana,3003.0,5.09,171.81754166666667,-62.96861111111111
5,Tucana,224686.0,4.49,-179.97879166666667,-64.42291666666667
6,Tucana,212581.0,4.50,-156.83279166666665,-63.03361111111111
7,Tucana,213442.0,4.91,-158.25004166666668,-60.017916666666665
8,Tucana,224392.0,5.00,-179.39570833333335,-63.70191666666667
8,Ursa Major,112185.0,1.76,-13.506791666666658,55.959833333333336
9,Ursa Major,95689.0,1.81,14.067333333333323,61.75111111111111
10,Ursa Major,120315.0,1.85,-26.885625000000005,49.31330555555555
11,Ursa Major,116656.0,2.23,-20.98141666666666,54.92536111111111
12,Ursa Major,95418.0,2.34,14.540041666666667,56.382333333333335
13,Ursa Major,103287.0,2.41,1.5427500000000123,53.69472222222222
14,Ursa Major,96833.0,3.00,12.583916666666653,44.498555555555555
15,Ursa Major,76644.0,3.12,45.196499999999986,48.042361111111106
16,Ursa Major,82328.0,3.17,36.781958333333336,51.67861111111111
17,Ursa Major,106591.0,3.32,-3.8560416666666697,57.03261111111111
18,Ursa Major,71369.0,3.35,52.43320833333334,60.718444444444444
19,Ursa Major,89021.0,3.45,25.725291666666664,42.91447222222222
20,Ursa Major,98262.0,3.49,10.380166666666668,33.09425
21,Ursa Major,89758.0,3.06,24.41749999999999,41.49944444444444
22,Ursa Major,77327.0,3.57,44.093500000000006,47.156666666666666
23,Ursa Major,102224.0,3.69,3.4869583333333196,47.779333333333334
24,Ursa Major,84999.0,3.78,32.251291666666674,59.03911111111111
25,Ursa Major,98231.0,4.41,10.45416666666668,31.529166666666665
26,Ursa Major,116842.0,3.99,-21.306416666666678,54.987972222222226
1,Ursa Minor,8890.0,1.97,142.05383333333333,89.2641388888889
2,Ursa Minor,131873.0,2.07,-42.67666666666668,74.15547222222223
3,Ursa Minor,137422.0,3.04,-50.18229166666666,71.83397222222222
4,Ursa Minor,153751.0,4.21,-71.49233333333333,82.03725
5,Ursa Minor,142105.0,4.29,-56.014416666666676,77.7945
6,Ursa Minor,166205.0,4.35,-83.05374999999998,86.58633333333333
7,Ursa Minor,148048.0,4.95,-64.37708333333333,75.75469444444444
1,Vela,68243.0,4.27,57.627916666666664,-46.65416666666666
2,Vela,74956.0,1.96,48.824166666666656,-53.291444444444444
3,Vela,78647.0,2.21,43.000916666666654,-42.56738888888889
4,Vela,81188.0,2.47,39.47154166666667,-54.98930555555555
5,Vela,93497.0,2.69,18.30783333333332,-48.579861111111114
6,Vela,86440.0,3.52,30.78437500000001,-53.43219444444444
12,Virgo,116658.0,0.98,-21.298333333333346,-10.83875
13,Virgo,110379.0,2.74,-10.416666666666657,-0.5504722222222223
14,Virgo,113226.0,2.85,-15.544833333333344,10.95911111111111
15,Virgo,118098.0,3.38,-23.67395833333333,0.5959444444444445
16,Virgo,112300.0,3.39,-13.901999999999987,3.397611111111111
17,Virgo,102870.0,3.59,2.327958333333328,1.765388888888889
18,Virgo,129502.0,3.87,-40.76483333333334,-4.342583333333333
19,Virgo,107259.0,3.89,-4.976625000000013,0.66675
20,Virgo,124850.0,4.07,-34.003666666666675,-4.000472222222222
1,Volans,71878.0,3.77,53.565625,-65.86347222222221
2,Volans,55864.0,5.68,72.82358333333333,-69.50266666666667
3,Volans,63295.0,3.93,64.545,-71.39386111111112
4,Volans,57623.0,3.97,70.792375,-66.04283333333333
5,Volans,78045.0,4.00,44.38833333333332,-65.60416666666666
6,Volans,68520.0,4.35,58.01733333333334,-67.38286111111111
2,Vulpecula,183439.0,4.44,-112.17670833333335,24.665166666666664
3,Vulpecula,192806.0,4.50,-123.94233333333335,27.814222222222224
4,Vulpecula,188260.0,4.57,-118.36533333333335,24.079527777777777
5,Vulpecula,198809.0,4.56,-133.03220833333336,27.09713888888889
6,Vulpecula,189849.0,4.66,-120.27504166666665,27.753555555555554
7,Vulpecula,180554.0,4.76,-109.05433333333332,21.390444444444444
26,Aquarius,218594.0,3.68,-167.36149999999998,-20.827527777777778
27,Aquarius,220321.0,3.96,-170.74291666666664,-19.899666666666665
28,Aquarius,222561.0,8.52,-175.44329166666665,-16.216527777777777
9,Aries,20644.0,4.47,129.915125,29.0485
1,Caelum,29875.0,4.44,109.85908333333333,-40.13641666666666
2,Caelum,29992.0,5.04,109.485625,-36.855222222222224
3,Caelum,32831.0,4.55,103.89870833333333,-34.51713888888889
4,Caelum,28873.0,5.07,112.29125,-43.04625
5,Camelopardalis,49878.0,4.55,74.98395833333333,76.97744444444444
6,Camelopardalis,42818.0,4.76,85.28841666666666,69.32002777777777
7,Camelopardalis,23475.0,4.39,122.619625,65.526
8,Camelopardalis,31278.0,4.43,105.67825,53.75208333333333
8,Cancer,74739.0,4.03,48.325708333333324,28.76
10,Carina,91465.0,3.30,21.993833333333328,-60.314638888888894
11,Carina,89388.0,3.39,25.72912500000001,-60.66766666666666
12,Carina,84810.0,3.69,33.688208333333336,-61.49208333333333
15,Centaurus,105937.0,3.97,-2.913125000000008,-51.63158333333333
16,Centaurus,100261.0,5.07,7.058041666666668,-58.557944444444445
17,Centaurus,121743.0,3.83,-29.56783333333334,-41.89930555555556
18,Centaurus,125473.0,4.05,-35.1395,-36.11472222222222
19,Centaurus,111968.0,4.25,-13.358958333333334,-39.821194444444444
20,Centaurus,117440.0,3.90,-22.761124999999993,-38.59272222222222
4,Circinus,131492.0,5.08,-44.18333333333334,-61.219
7,Dorado,40409.0,4.65,91.47541666666666,-62.90897222222222
28,Eridanus,28028.0,3.97,113.99095833333334,-33.983000000000004
29,Eridanus,27376.0,3.55,115.52658333333333,-32.20166666666667
30,Eridanus,24160.0,4.17,122.63633333333334,-35.79988888888889
31,Eridanus,22663.0,4.57,125.72633333333334,-39.725500000000004
32,Eridanus,20794.0,4.26,130.02825,-42.928444444444445
33,Eridanus,17081.0,4.24,138.969375,-12.141333333333334
19,Gemini,41116.0,4.16,88.96991666666666,23.263638888888888
20,Hydra,130694.0,4.42,-42.57279166666666,-26.03977777777778
23,Hydra,79469.0,3.89,41.40920833333334,2.3150277777777775
7,Lacerta,214868.0,4.50,-160.12824999999998,44.27627777777778
8,Lacerta,213420.0,4.52,-157.62191666666666,43.12338888888889
9,Lacerta,211073.0,4.50,-153.46958333333333,39.71488888888889
5,Leo Minor,90277.0,4.72,23.521375000000006,33.79625
5,Lynx,76943.0,3.96,44.83854166666666,41.78344444444444
7,Lynx,58142.0,4.61,68.32141666666666,49.21163888888889
8,Lynx,50522.0,4.35,75.68083333333334,58.42305555555555
7,Monoceros,44769.0,4.39,84.05791666666667,4.592833333333333
8,Monoceros,46300.0,4.47,81.77404166666666,7.332972222222222
1,Norma,146686.0,4.01,-64.96070833333334,-49.844611111111114
2,Norma,147971.0,4.46,-66.79604166666667,-46.44527777777778
5,Norma,144197.0,4.73,-61.622583333333324,-44.82672222222222
4,Norma,143546.0,4.65,-60.803583333333336,-48.77027777777778
7,Norma,146143.0,4.97,-64.25391666666667,-49.931888888888885
14,Phoenix,222287.0,6.07,-174.86633333333333,-45.36211111111111
15,Phoenix,223145.0,5.18,-176.816625,-49.773583333333335
11,Puppis,65228.0,4.20,60.78516666666667,-21.11986111111111
12,Puppis,61555.0,4.50,65.29216666666666,-25.19611111111111
23,Scorpius,152334.0,3.62,-73.64629166666666,-41.63925
17,Taurus,24769.0,6.05,120.73416666666667,23.175583333333336
27,Ursa Major,81937.0,3.65,37.118458333333336,63.06180555555555
8,Vela,88955.0,3.85,26.31554166666666,-41.877944444444445
21,Virgo,130109.0,3.73,-41.562458333333325,1.8929444444444443
22,Virgo,122408.0,4.23,-30.41158333333334,1.5445833333333332
23,Virgo,114330.0,4.38,-17.487541666666658,-4.461083333333334
24,Virgo,104979.0,4.12,-1.3027916666666783,8.732833333333334
25,Virgo,102212.0,4.04,3.5351249999999936,6.529805555555556
7,Vela,82434.0,3.6,37.32499999999999,-39.53333333333333
